gbifID	datasetKey	occurrenceID	kingdom	phylum	class	order	family	genus	species	infraspecificEpithet	taxonRank	scientificName	verbatimScientificName	verbatimScientificNameAuthorship	countryCode	locality	stateProvince	occurrenceStatus	individualCount	publishingOrgKey	decimalLatitude	decimalLongitude	coordinateUncertaintyInMeters	coordinatePrecision	elevation	elevationAccuracy	depth	depthAccuracy	eventDate	day	month	year	taxonKey	speciesKey	basisOfRecord	institutionCode	collectionCode	catalogNumber	recordNumber	identifiedBy	dateIdentified	license	rightsHolder	recordedBy	typeStatus	establishmentMeans	lastInterpreted	mediaType	issue
2580270248	50c9509d-22c7-4a22-a47d-8c48425ef4a7	https://www.inaturalist.org/observations/39375985	Animalia	Chordata	Mammalia	Carnivora	Felidae	Leopardus	Leopardus wiedii		SPECIES	Leopardus wiedii (Schinz, 1821)	Leopardus wiedii		CO		Santander			28eb1a3f-1c15-4a95-931a-4af90ecb574d	6.5481	-74.152879	31350.0						2018-12-31T00:00:00	31	12	2018	2434950	2434950	HUMAN_OBSERVATION	iNaturalist	Observations	39375985			2020-02-29T23:25:39	CC_BY_NC_4_0	Laura Siabatto	Laura Siabatto			2020-05-15T09:47:29.109Z	StillImage	COORDINATE_ROUNDED;GEODETIC_DATUM_ASSUMED_WGS84
2579332041	50c9509d-22c7-4a22-a47d-8c48425ef4a7	https://www.inaturalist.org/observations/39634867	Animalia	Chordata	Mammalia	Carnivora	Felidae	Leopardus	Leopardus wiedii		SPECIES	Leopardus wiedii (Schinz, 1821)	Leopardus wiedii		CO		Santander			28eb1a3f-1c15-4a95-931a-4af90ecb574d	6.528824	-73.812233	31350.0						2018-07-24T04:18:27	24	7	2018	2434950	2434950	HUMAN_OBSERVATION	iNaturalist	Observations	39634867			2020-03-07T03:26:55	CC_BY_NC_4_0	Laura Siabatto	Laura Siabatto			2020-05-15T09:48:32.776Z	StillImage	COORDINATE_ROUNDED;GEODETIC_DATUM_ASSUMED_WGS84
2579319029	50c9509d-22c7-4a22-a47d-8c48425ef4a7	https://www.inaturalist.org/observations/39634997	Animalia	Chordata	Mammalia	Carnivora	Felidae	Leopardus	Leopardus wiedii		SPECIES	Leopardus wiedii (Schinz, 1821)	Leopardus wiedii		CO		Santander			28eb1a3f-1c15-4a95-931a-4af90ecb574d	6.404428	-73.931888	31350.0						2018-08-19T21:16:17	19	8	2018	2434950	2434950	HUMAN_OBSERVATION	iNaturalist	Observations	39634997			2020-03-07T03:33:57	CC_BY_NC_4_0	Laura Siabatto	Laura Siabatto			2020-05-15T09:48:11.169Z	StillImage	COORDINATE_ROUNDED;GEODETIC_DATUM_ASSUMED_WGS84
2579218917	50c9509d-22c7-4a22-a47d-8c48425ef4a7	https://www.inaturalist.org/observations/39634931	Animalia	Chordata	Mammalia	Carnivora	Felidae	Leopardus	Leopardus wiedii		SPECIES	Leopardus wiedii (Schinz, 1821)	Leopardus wiedii		CO		Santander			28eb1a3f-1c15-4a95-931a-4af90ecb574d	6.458678	-73.992906	31350.0						2018-12-07T01:07:07	7	12	2018	2434950	2434950	HUMAN_OBSERVATION	iNaturalist	Observations	39634931			2020-03-07T03:30:39	CC_BY_NC_4_0	Laura Siabatto	Laura Siabatto			2020-05-15T09:48:07.772Z	StillImage	COORDINATE_ROUNDED;GEODETIC_DATUM_ASSUMED_WGS84
2563429035	50c9509d-22c7-4a22-a47d-8c48425ef4a7	http://www.inaturalist.org/observations/1105472	Animalia	Chordata	Mammalia	Carnivora	Felidae	Leopardus	Leopardus wiedii		SPECIES	Leopardus wiedii (Schinz, 1821)	Leopardus wiedii		EC		Manabi			28eb1a3f-1c15-4a95-931a-4af90ecb574d	-1.779302	-80.767497	31444.0						2014-10-12T00:00:00	12	10	2014	2434950	2434950	HUMAN_OBSERVATION	iNaturalist	Observations	1105472			2014-12-01T14:29:53	CC_BY_NC_4_0	Fauna of Manabi	Fauna of Manabi			2020-05-15T09:47:36.184Z	StillImage	COORDINATE_ROUNDED;GEODETIC_DATUM_ASSUMED_WGS84
2518146018	50c9509d-22c7-4a22-a47d-8c48425ef4a7	https://www.inaturalist.org/observations/36534379	Animalia	Chordata	Mammalia	Carnivora	Felidae	Leopardus	Leopardus wiedii		SPECIES	Leopardus wiedii (Schinz, 1821)	Leopardus wiedii		CO		Santander			28eb1a3f-1c15-4a95-931a-4af90ecb574d	6.528304	-74.137945	31350.0						2016-12-01T00:00:00	1	12	2016	2434950	2434950	HUMAN_OBSERVATION	iNaturalist	Observations	36534379			2019-12-10T17:37:11	CC_BY_NC_4_0	Laura Siabatto	Laura Siabatto			2020-05-15T09:48:11.243Z	StillImage	COORDINATE_ROUNDED;GEODETIC_DATUM_ASSUMED_WGS84
2517995094	50c9509d-22c7-4a22-a47d-8c48425ef4a7	https://www.inaturalist.org/observations/36590649	Animalia	Chordata	Mammalia	Carnivora	Felidae	Leopardus	Leopardus wiedii		SPECIES	Leopardus wiedii (Schinz, 1821)	Leopardus wiedii		CO		Santander			28eb1a3f-1c15-4a95-931a-4af90ecb574d	6.241158	-74.083128	31356.0						2017-02-15T00:00:00	15	2	2017	2434950	2434950	HUMAN_OBSERVATION	iNaturalist	Observations	36590649			2019-12-12T16:41:26	CC_BY_NC_4_0	Laura Siabatto	Laura Siabatto			2020-05-15T09:47:16.316Z	StillImage	COORDINATE_ROUNDED;GEODETIC_DATUM_ASSUMED_WGS84
2265794205	50c9509d-22c7-4a22-a47d-8c48425ef4a7	https://www.inaturalist.org/observations/24474652	Animalia	Chordata	Mammalia	Carnivora	Felidae	Leopardus	Leopardus wiedii		SPECIES	Leopardus wiedii (Schinz, 1821)	Leopardus wiedii		EC		Orellana			28eb1a3f-1c15-4a95-931a-4af90ecb574d	-0.564673	-76.086795	31451.0						1999-09-06T00:08:00	6	9	1999	2434950	2434950	HUMAN_OBSERVATION	iNaturalist	Observations	24474652			2019-05-03T23:14:54	CC_BY_NC_4_0	Gonçalo Ferrão da Costa	Gonçalo Ferrão da Costa			2020-05-15T09:47:47.153Z		COORDINATE_ROUNDED;GEODETIC_DATUM_ASSUMED_WGS84
1978423515	50c9509d-22c7-4a22-a47d-8c48425ef4a7	https://www.inaturalist.org/observations/18777133	Animalia	Chordata	Mammalia	Carnivora	Felidae	Leopardus	Leopardus wiedii		SPECIES	Leopardus wiedii (Schinz, 1821)	Leopardus wiedii		CO		Quindío			28eb1a3f-1c15-4a95-931a-4af90ecb574d	4.760972	-75.482055	31398.0						2008-07-31T00:00:00	31	7	2008	2434950	2434950	HUMAN_OBSERVATION	iNaturalist	Observations	18777133			2018-12-02T16:07:27	CC_BY_NC_4_0	Oscar H. Marín	Oscar H. Marín			2020-05-15T09:47:59.119Z		COORDINATE_ROUNDED;GEODETIC_DATUM_ASSUMED_WGS84
1944380939	50c9509d-22c7-4a22-a47d-8c48425ef4a7	https://www.inaturalist.org/observations/18172031	Animalia	Chordata	Mammalia	Carnivora	Felidae	Leopardus	Leopardus wiedii		SPECIES	Leopardus wiedii (Schinz, 1821)	Leopardus wiedii		EC		Imbabura			28eb1a3f-1c15-4a95-931a-4af90ecb574d	0.280178	-78.660357	31451.0						2018-05-01T00:00:00	1	5	2018	2434950	2434950	HUMAN_OBSERVATION	iNaturalist	Observations	18172031			2018-11-06T16:37:04	CC_BY_NC_4_0	alexwcranston	alexwcranston			2020-05-15T09:47:50.707Z	StillImage	COORDINATE_ROUNDED;GEODETIC_DATUM_ASSUMED_WGS84
1890032423	50c9509d-22c7-4a22-a47d-8c48425ef4a7	http://www.inaturalist.org/observations/1126619	Animalia	Chordata	Mammalia	Carnivora	Felidae	Leopardus	Leopardus wiedii		SPECIES	Leopardus wiedii (Schinz, 1821)	Leopardus wiedii		EC		Manabi			28eb1a3f-1c15-4a95-931a-4af90ecb574d	-1.003376	-80.842065	31448.0						2014-10-30T00:00:00	30	10	2014	2434950	2434950	HUMAN_OBSERVATION	iNaturalist	Observations	1126619			2014-12-11T15:15:24	CC_BY_NC_4_0	Fauna of Manabi	Fauna of Manabi			2020-05-15T09:47:03.029Z	StillImage	COORDINATE_ROUNDED;GEODETIC_DATUM_ASSUMED_WGS84
1806320578	50c9509d-22c7-4a22-a47d-8c48425ef4a7	http://www.inaturalist.org/observations/1126631	Animalia	Chordata	Mammalia	Carnivora	Felidae	Leopardus	Leopardus wiedii		SPECIES	Leopardus wiedii (Schinz, 1821)	Leopardus wiedii		EC		Manabi			28eb1a3f-1c15-4a95-931a-4af90ecb574d	-1.001842	-80.860831	31448.0						2014-08-07T00:00:00	7	8	2014	2434950	2434950	HUMAN_OBSERVATION	iNaturalist	Observations	1126631			2014-12-11T15:24:15	CC_BY_NC_4_0	Fauna of Manabi	Fauna of Manabi			2020-05-15T09:47:33.325Z	StillImage	COORDINATE_ROUNDED;GEODETIC_DATUM_ASSUMED_WGS84
1092879521	50c9509d-22c7-4a22-a47d-8c48425ef4a7	http://www.inaturalist.org/observations/1487505	Animalia	Chordata	Mammalia	Carnivora	Felidae	Leopardus	Leopardus wiedii		SPECIES	Leopardus wiedii (Schinz, 1821)	Leopardus wiedii		EC		Manabi			28eb1a3f-1c15-4a95-931a-4af90ecb574d	-1.717801	-80.645781	31444.0						2015-05-09T00:00:00	9	5	2015	2434950	2434950	HUMAN_OBSERVATION	iNaturalist	Observations	1487505			2015-05-14T14:13:21	CC_BY_NC_4_0	Fauna of Manabi	Fauna of Manabi			2020-05-15T09:47:13.827Z	StillImage	COORDINATE_ROUNDED;GEODETIC_DATUM_ASSUMED_WGS84
1088920953	50c9509d-22c7-4a22-a47d-8c48425ef4a7	http://www.inaturalist.org/observations/1299095	Animalia	Chordata	Mammalia	Carnivora	Felidae	Leopardus	Leopardus wiedii		SPECIES	Leopardus wiedii (Schinz, 1821)	Leopardus wiedii		EC		Manabi			28eb1a3f-1c15-4a95-931a-4af90ecb574d	-1.492763	-80.735254	31446.0						2015-03-01T00:00:00	1	3	2015	2434950	2434950	HUMAN_OBSERVATION	iNaturalist	Observations	1299095			2015-03-17T15:55:22	CC_BY_NC_4_0	Fauna of Manabi	Fauna of Manabi			2020-05-15T09:47:04.156Z	StillImage	COORDINATE_ROUNDED;GEODETIC_DATUM_ASSUMED_WGS84
1065605231	50c9509d-22c7-4a22-a47d-8c48425ef4a7	http://www.inaturalist.org/observations/1214222	Animalia	Chordata	Mammalia	Carnivora	Felidae	Leopardus	Leopardus wiedii		SPECIES	Leopardus wiedii (Schinz, 1821)	Leopardus wiedii		EC		Manabi			28eb1a3f-1c15-4a95-931a-4af90ecb574d	-1.093045	-80.854273	31448.0						2014-12-09T00:00:00	9	12	2014	2434950	2434950	HUMAN_OBSERVATION	iNaturalist	Observations	1214222			2015-02-05T19:53:45	CC_BY_NC_4_0	Fauna of Manabi	Fauna of Manabi			2020-05-15T09:47:47.477Z	StillImage	COORDINATE_ROUNDED;GEODETIC_DATUM_ASSUMED_WGS84
1065584331	50c9509d-22c7-4a22-a47d-8c48425ef4a7	http://www.inaturalist.org/observations/1126646	Animalia	Chordata	Mammalia	Carnivora	Felidae	Leopardus	Leopardus wiedii		SPECIES	Leopardus wiedii (Schinz, 1821)	Leopardus wiedii		EC		Manabi			28eb1a3f-1c15-4a95-931a-4af90ecb574d	-1.044808	-80.967419	31448.0						2014-10-15T00:00:00	15	10	2014	2434950	2434950	HUMAN_OBSERVATION	iNaturalist	Observations	1126646			2014-12-11T15:42:02	CC_BY_NC_4_0	Fauna of Manabi	Fauna of Manabi			2020-05-15T09:47:41.493Z	StillImage	COORDINATE_ROUNDED;GEODETIC_DATUM_ASSUMED_WGS84
1065584327	50c9509d-22c7-4a22-a47d-8c48425ef4a7	http://www.inaturalist.org/observations/1126636	Animalia	Chordata	Mammalia	Carnivora	Felidae	Leopardus	Leopardus wiedii		SPECIES	Leopardus wiedii (Schinz, 1821)	Leopardus wiedii		EC		Manabi			28eb1a3f-1c15-4a95-931a-4af90ecb574d	-1.035501	-80.976043	31448.0						2014-10-25T00:00:00	25	10	2014	2434950	2434950	HUMAN_OBSERVATION	iNaturalist	Observations	1126636			2014-12-11T15:28:40	CC_BY_NC_4_0	Fauna of Manabi	Fauna of Manabi			2020-05-15T09:47:28.728Z	StillImage	COORDINATE_ROUNDED;GEODETIC_DATUM_ASSUMED_WGS84
1038341268	50c9509d-22c7-4a22-a47d-8c48425ef4a7	http://www.inaturalist.org/observations/1040475	Animalia	Chordata	Mammalia	Carnivora	Felidae	Leopardus	Leopardus wiedii		SPECIES	Leopardus wiedii (Schinz, 1821)	Leopardus wiedii		EC		Manabi			28eb1a3f-1c15-4a95-931a-4af90ecb574d	-1.537027	-80.752276	218842.0						2014-08-16T00:00:00	16	8	2014	2434950	2434950	HUMAN_OBSERVATION	iNaturalist	Observations	1040475			2014-10-27T14:28:29	CC_BY_NC_4_0	Fauna of Manabi	Fauna of Manabi			2020-05-15T09:47:45.517Z	StillImage	COORDINATE_ROUNDED;GEODETIC_DATUM_ASSUMED_WGS84
1020747103	83964202-07d9-4a27-8391-975144bcc1da	UIS:UIS-MHN:UIS-MHN-M-0812	Animalia	Chordata	Mammalia	Carnivora	Felidae	Leopardus	Leopardus wiedii		SPECIES	Leopardus wiedii (Schinz, 1821)	Leopardus wiedii	Schinz, 1821	CO				1	6c147991-c3bf-453d-a778-3bea9a534804	4.26686	-72.994631	997594.0										2434950	2434950	PRESERVED_SPECIMEN	Universidad Industrial de Santander (UIS)	MHN-UIS	UIS-MHN-M-0812				CC_BY_NC_4_0	Universidad Industrial de Santander				2020-02-10T11:58:08.537Z		COORDINATE_ROUNDED
1020746957	83964202-07d9-4a27-8391-975144bcc1da	UIS:UIS-MHN:UIS-MHN-M-0694	Animalia	Chordata	Mammalia	Carnivora	Felidae	Leopardus	Leopardus wiedii		SPECIES	Leopardus wiedii (Schinz, 1821)	Leopardus wiedii	Schinz, 1821	CO				1	6c147991-c3bf-453d-a778-3bea9a534804	4.26686	-72.994631	997594.0										2434950	2434950	PRESERVED_SPECIMEN	Universidad Industrial de Santander (UIS)	MHN-UIS	UIS-MHN-M-0694				CC_BY_NC_4_0	Universidad Industrial de Santander				2020-02-10T11:58:08.752Z		COORDINATE_ROUNDED
1020746399	83964202-07d9-4a27-8391-975144bcc1da	UIS:UIS-MHN:UIS-MHN-M-0124	Animalia	Chordata	Mammalia	Carnivora	Felidae	Leopardus	Leopardus wiedii		SPECIES	Leopardus wiedii (Schinz, 1821)	Leopardus wiedii	Gray, 1842	CO	Llano grande, Sabana de Torres, Santander	Santander		1	6c147991-c3bf-453d-a778-3bea9a534804	7.437137	-73.591388	26227.17						1972-11-09T00:00:00	9	11	1972	2434950	2434950	PRESERVED_SPECIMEN	Universidad Industrial de Santander (UIS)	MHN-UIS	UIS-MHN-M-0124	SV 124			CC_BY_NC_4_0	Universidad Industrial de Santander	Silvio Vergara			2020-02-10T11:58:08.477Z		COORDINATE_ROUNDED
919451797	22a66350-7947-4a49-84a3-39c7c1b0881f	urn:catalog:MSU:MR:MR.14597	Animalia	Chordata	Mammalia	Carnivora	Felidae	Leopardus	Leopardus wiedii	pirrensis	SUBSPECIES	Felis wiedii pirrensis Goldman, 1914	Felis wiedii pirrensis		EC	Chila	Manabí	present		311e2740-f15a-11d8-b22f-b8a03c50a862	-0.117	-80.067	5257.0						1967-01-11T00:00:00	11	1	1967	6164529	2434950	PRESERVED_SPECIMEN	MSU	MR	MR.14597				CC0_1_0		Senora Blanca Teran		NATIVE	2020-02-10T12:00:50.755Z		
919451718	22a66350-7947-4a49-84a3-39c7c1b0881f	urn:catalog:MSU:MR:MR.14409	Animalia	Chordata	Mammalia	Carnivora	Felidae	Leopardus	Leopardus wiedii	pirrensis	SUBSPECIES	Felis wiedii pirrensis Goldman, 1914	Felis wiedii pirrensis		EC	Atacames	Esmeraldas	present		311e2740-f15a-11d8-b22f-b8a03c50a862	0.867	-79.85	3057.0						1966-06-01T00:00:00	1	6	1966	6164529	2434950	PRESERVED_SPECIMEN	MSU	MR	MR.14409				CC0_1_0		Senora Blanca Teran		NATIVE	2020-02-10T12:00:50.733Z		
919449652	22a66350-7947-4a49-84a3-39c7c1b0881f	urn:catalog:MSU:MR:MR.14603	Animalia	Chordata	Mammalia	Carnivora	Felidae	Leopardus	Leopardus wiedii	pirrensis	SUBSPECIES	Felis wiedii pirrensis Goldman, 1914	Felis wiedii pirrensis		EC	Rio Blanca	Esmeraldas	present		311e2740-f15a-11d8-b22f-b8a03c50a862	0.30768	-78.457	9115.0						1967-05-25T00:00:00	25	5	1967	6164529	2434950	PRESERVED_SPECIMEN	MSU	MR	MR.14603				CC0_1_0		Senora Blanca Teran		NATIVE	2020-02-10T12:00:49.147Z		
919445932	22a66350-7947-4a49-84a3-39c7c1b0881f	urn:catalog:MSU:MR:MR.14599	Animalia	Chordata	Mammalia	Carnivora	Felidae	Leopardus	Leopardus wiedii	pirrensis	SUBSPECIES	Felis wiedii pirrensis Goldman, 1914	Felis wiedii pirrensis		EC	Rio Cayopa	Esmeraldas	present		311e2740-f15a-11d8-b22f-b8a03c50a862	0.09048	-79.0	22115.0						1967-08-25T00:00:00	25	8	1967	6164529	2434950	PRESERVED_SPECIMEN	MSU	MR	MR.14599				CC0_1_0		Senora Blanca Teran		NATIVE	2020-02-10T12:00:49.772Z		
919445927	22a66350-7947-4a49-84a3-39c7c1b0881f	urn:catalog:MSU:MR:MR.14609	Animalia	Chordata	Mammalia	Carnivora	Felidae	Leopardus	Leopardus wiedii	pirrensis	SUBSPECIES	Felis wiedii pirrensis Goldman, 1914	Felis wiedii pirrensis		EC	Esmeraldas	Esmeraldas	present		311e2740-f15a-11d8-b22f-b8a03c50a862	0.9833	-79.7	3615.0						1966-04-01T00:00:00	1	4	1966	6164529	2434950	PRESERVED_SPECIMEN	MSU	MR	MR.14609				CC0_1_0		Senora Blanca Teran		NATIVE	2020-02-10T12:00:49.766Z		
919445170	22a66350-7947-4a49-84a3-39c7c1b0881f	urn:catalog:MSU:MR:MR.14589	Animalia	Chordata	Mammalia	Carnivora	Felidae	Leopardus	Leopardus wiedii	pirrensis	SUBSPECIES	Felis wiedii pirrensis Goldman, 1914	Felis wiedii pirrensis		EC	Rio Cayopa	Esmeraldas	present		311e2740-f15a-11d8-b22f-b8a03c50a862	0.09048	-79.0	22115.0						1967-07-11T00:00:00	11	7	1967	6164529	2434950	PRESERVED_SPECIMEN	MSU	MR	MR.14589				CC0_1_0		Senora Blanca Teran		NATIVE	2020-02-10T12:00:49.373Z		
919443874	22a66350-7947-4a49-84a3-39c7c1b0881f	urn:catalog:MSU:MR:MR.8612	Animalia	Chordata	Mammalia	Carnivora	Felidae	Leopardus	Leopardus wiedii	pirrensis	SUBSPECIES	Felis wiedii pirrensis Goldman, 1914	Felis wiedii pirrensis		EC	Montanas de Cupa	Esmeraldas	present		311e2740-f15a-11d8-b22f-b8a03c50a862	0.39638	-79.47747	14615.0						1963-08-05T00:00:00	5	8	1963	6164529	2434950	PRESERVED_SPECIMEN	MSU	MR	MR.8612	64			CC0_1_0		Charles M. Fugler		NATIVE	2020-02-10T12:00:46.195Z		
919443640	22a66350-7947-4a49-84a3-39c7c1b0881f	urn:catalog:MSU:MR:MR.12210	Animalia	Chordata	Mammalia	Carnivora	Felidae	Leopardus	Leopardus wiedii	pirrensis	SUBSPECIES	Felis wiedii pirrensis Goldman, 1914	Felis wiedii pirrensis		EC	Quininde	Manabí	present		311e2740-f15a-11d8-b22f-b8a03c50a862	0.333	-79.467	11657.0						1965-09-12T00:00:00	12	9	1965	6164529	2434950	PRESERVED_SPECIMEN	MSU	MR	MR.12210				CC0_1_0		Senora Blanca Teran		NATIVE	2020-02-10T12:00:46.284Z		
919443607	22a66350-7947-4a49-84a3-39c7c1b0881f	urn:catalog:MSU:MR:MR.12209	Animalia	Chordata	Mammalia	Carnivora	Felidae	Leopardus	Leopardus wiedii	pirrensis	SUBSPECIES	Felis wiedii pirrensis Goldman, 1914	Felis wiedii pirrensis		EC	Rio Quininde	Manabí	present		311e2740-f15a-11d8-b22f-b8a03c50a862	-0.26233	-79.71041	28115.0						1964-07-08T00:00:00	8	7	1964	6164529	2434950	PRESERVED_SPECIMEN	MSU	MR	MR.12209				CC0_1_0		Senora Blanca Teran		NATIVE	2020-02-10T12:00:46.261Z		
919443140	22a66350-7947-4a49-84a3-39c7c1b0881f	urn:catalog:MSU:MR:MR.14608	Animalia	Chordata	Mammalia	Carnivora	Felidae	Leopardus	Leopardus wiedii	pirrensis	SUBSPECIES	Felis wiedii pirrensis Goldman, 1914	Felis wiedii pirrensis		EC	Bua	Esmeraldas	present		311e2740-f15a-11d8-b22f-b8a03c50a862	0.04977	-79.56108	7615.0						1967-03-03T00:00:00	3	3	1967	6164529	2434950	PRESERVED_SPECIMEN	MSU	MR	MR.14608				CC0_1_0		Senora Blanca Teran		NATIVE	2020-02-10T12:00:46.031Z		
919441185	22a66350-7947-4a49-84a3-39c7c1b0881f	urn:catalog:MSU:MR:MR.14727	Animalia	Chordata	Mammalia	Carnivora	Felidae	Leopardus	Leopardus wiedii	pirrensis	SUBSPECIES	Felis wiedii pirrensis Goldman, 1914	Felis wiedii pirrensis		EC	Santo Domingo	Pichincha	present		311e2740-f15a-11d8-b22f-b8a03c50a862	-0.25	-79.15	6115.0						1967-10-02T00:00:00	2	10	1967	6164529	2434950	PRESERVED_SPECIMEN	MSU	MR	MR.14727				CC0_1_0		Senora Blanca Teran		NATIVE	2020-02-10T12:00:50.049Z		
919440646	22a66350-7947-4a49-84a3-39c7c1b0881f	urn:catalog:MSU:MR:MR.8471	Animalia	Chordata	Mammalia	Carnivora	Felidae	Leopardus	Leopardus wiedii	pirrensis	SUBSPECIES	Felis wiedii pirrensis Goldman, 1914	Felis wiedii pirrensis		EC	Las Montanas de Cole	Esmeraldas	present		311e2740-f15a-11d8-b22f-b8a03c50a862	0.4667	-79.3833	12615.0						1963-01-01T00:00:00			1963	6164529	2434950	PRESERVED_SPECIMEN	MSU	MR	MR.8471				CC0_1_0		Senora Blanca Teran		NATIVE	2020-02-10T12:00:48.483Z		
919439929	22a66350-7947-4a49-84a3-39c7c1b0881f	urn:catalog:MSU:MR:MR.14606	Animalia	Chordata	Mammalia	Carnivora	Felidae	Leopardus	Leopardus wiedii	pirrensis	SUBSPECIES	Felis wiedii pirrensis Goldman, 1914	Felis wiedii pirrensis		EC	Bua	Esmeraldas	present		311e2740-f15a-11d8-b22f-b8a03c50a862	0.04977	-79.56108	7615.0						1966-02-20T00:00:00	20	2	1966	6164529	2434950	PRESERVED_SPECIMEN	MSU	MR	MR.14606				CC0_1_0		Senora Blanca Teran		NATIVE	2020-02-10T12:00:48.954Z		
919439928	22a66350-7947-4a49-84a3-39c7c1b0881f	urn:catalog:MSU:MR:MR.14596	Animalia	Chordata	Mammalia	Carnivora	Felidae	Leopardus	Leopardus wiedii	pirrensis	SUBSPECIES	Felis wiedii pirrensis Goldman, 1914	Felis wiedii pirrensis		EC	Chila	Manabí	present		311e2740-f15a-11d8-b22f-b8a03c50a862	-0.117	-80.067	5257.0						1967-04-12T00:00:00	12	4	1967	6164529	2434950	PRESERVED_SPECIMEN	MSU	MR	MR.14596				CC0_1_0		Senora Blanca Teran		NATIVE	2020-02-10T12:00:48.953Z		
919439395	22a66350-7947-4a49-84a3-39c7c1b0881f	urn:catalog:MSU:MR:MR.14574	Animalia	Chordata	Mammalia	Carnivora	Felidae	Leopardus	Leopardus wiedii	pirrensis	SUBSPECIES	Felis wiedii pirrensis Goldman, 1914	Felis wiedii pirrensis		EC	Bua	Esmeraldas	present		311e2740-f15a-11d8-b22f-b8a03c50a862	0.04977	-79.56108	7615.0						1966-05-07T00:00:00	7	5	1966	6164529	2434950	PRESERVED_SPECIMEN	MSU	MR	MR.14574				CC0_1_0		Senora Blanca Teran		NATIVE	2020-02-10T12:00:48.301Z		
919437777	22a66350-7947-4a49-84a3-39c7c1b0881f	urn:catalog:MSU:MR:MR.9389	Animalia	Chordata	Mammalia	Carnivora	Felidae	Leopardus	Leopardus wiedii	pirrensis	SUBSPECIES	Felis wiedii pirrensis Goldman, 1914	Felis wiedii pirrensis		EC	Timbre	Esmeraldas	present		311e2740-f15a-11d8-b22f-b8a03c50a862	0.95	-78.883	4857.0						1963-12-25T00:00:00	25	12	1963	6164529	2434950	PRESERVED_SPECIMEN	MSU	MR	MR.9389				CC0_1_0		Charles M. Fugler		NATIVE	2020-02-10T12:00:45.474Z		
919437768	22a66350-7947-4a49-84a3-39c7c1b0881f	urn:catalog:MSU:MR:MR.9390	Animalia	Chordata	Mammalia	Carnivora	Felidae	Leopardus	Leopardus wiedii	pirrensis	SUBSPECIES	Felis wiedii pirrensis Goldman, 1914	Felis wiedii pirrensis		EC	Timbre	Esmeraldas	present		311e2740-f15a-11d8-b22f-b8a03c50a862	0.95	-78.883	4857.0						1963-12-14T00:00:00	14	12	1963	6164529	2434950	PRESERVED_SPECIMEN	MSU	MR	MR.9390				CC0_1_0		Charles M. Fugler		NATIVE	2020-02-10T12:00:45.478Z		
919436181	22a66350-7947-4a49-84a3-39c7c1b0881f	urn:catalog:MSU:MR:MR.14422	Animalia	Chordata	Mammalia	Carnivora	Felidae	Leopardus	Leopardus wiedii	pirrensis	SUBSPECIES	Felis wiedii pirrensis Goldman, 1914	Felis wiedii pirrensis		EC	Santo Domingo	Pichincha	present		311e2740-f15a-11d8-b22f-b8a03c50a862	-0.25	-79.15	6115.0						1966-03-20T00:00:00	20	3	1966	6164529	2434950	PRESERVED_SPECIMEN	MSU	MR	MR.14422				CC0_1_0		Senora Blanca Teran		NATIVE	2020-02-10T12:00:50.754Z		
919435571	22a66350-7947-4a49-84a3-39c7c1b0881f	urn:catalog:MSU:MR:MR.8472	Animalia	Chordata	Mammalia	Carnivora	Felidae	Leopardus	Leopardus wiedii	pirrensis	SUBSPECIES	Felis wiedii pirrensis Goldman, 1914	Felis wiedii pirrensis		EC	Las Montanas de Cole	Esmeraldas	present		311e2740-f15a-11d8-b22f-b8a03c50a862	0.4667	-79.3833	12615.0						1963-01-01T00:00:00			1963	6164529	2434950	PRESERVED_SPECIMEN	MSU	MR	MR.8472				CC0_1_0		Charles M. Fugler		NATIVE	2020-02-10T12:00:49.540Z		
919434889	22a66350-7947-4a49-84a3-39c7c1b0881f	urn:catalog:MSU:MR:MR.8594	Animalia	Chordata	Mammalia	Carnivora	Felidae	Leopardus	Leopardus wiedii	pirrensis	SUBSPECIES	Felis wiedii pirrensis Goldman, 1914	Felis wiedii pirrensis		EC	Montanas de Mache	Esmeraldas	present		311e2740-f15a-11d8-b22f-b8a03c50a862	0.25	-79.8333	19615.0						1963-08-08T00:00:00	8	8	1963	6164529	2434950	PRESERVED_SPECIMEN	MSU	MR	MR.8594	12			CC0_1_0		Charles M. Fugler		NATIVE	2020-02-10T12:00:47.332Z		
919434436	22a66350-7947-4a49-84a3-39c7c1b0881f	urn:catalog:MSU:MR:MR.14394	Animalia	Chordata	Mammalia	Carnivora	Felidae	Leopardus	Leopardus wiedii	pirrensis	SUBSPECIES	Felis wiedii pirrensis Goldman, 1914	Felis wiedii pirrensis		EC	Guallabamba	Esmeraldas	present		311e2740-f15a-11d8-b22f-b8a03c50a862	0.45	-79.4	5365.0						1967-03-20T00:00:00	20	3	1967	6164529	2434950	PRESERVED_SPECIMEN	MSU	MR	MR.14394				CC0_1_0		Senora Blanca Teran		NATIVE	2020-02-10T12:00:47.142Z		
919430262	22a66350-7947-4a49-84a3-39c7c1b0881f	urn:catalog:MSU:MR:MR.12155	Animalia	Chordata	Mammalia	Carnivora	Felidae	Leopardus	Leopardus wiedii	pirrensis	SUBSPECIES	Felis wiedii pirrensis Goldman, 1914	Felis wiedii pirrensis		EC	Bua	Esmeraldas	present		311e2740-f15a-11d8-b22f-b8a03c50a862	0.04977	-79.56108	7615.0						1966-09-08T00:00:00	8	9	1966	6164529	2434950	PRESERVED_SPECIMEN	MSU	MR	MR.12155				CC0_1_0		Senora Blanca Teran		NATIVE	2020-02-10T12:00:48.048Z		
919429194	22a66350-7947-4a49-84a3-39c7c1b0881f	urn:catalog:MSU:MR:MR.14601	Animalia	Chordata	Mammalia	Carnivora	Felidae	Leopardus	Leopardus wiedii	pirrensis	SUBSPECIES	Felis wiedii pirrensis Goldman, 1914	Felis wiedii pirrensis		EC	Quininde	Manabí	present		311e2740-f15a-11d8-b22f-b8a03c50a862	0.333	-79.467	11657.0						1967-01-22T00:00:00	22	1	1967	6164529	2434950	PRESERVED_SPECIMEN	MSU	MR	MR.14601				CC0_1_0		Senora Blanca Teran		NATIVE	2020-02-10T12:00:47.792Z		
919429134	22a66350-7947-4a49-84a3-39c7c1b0881f	urn:catalog:MSU:MR:MR.9391	Animalia	Chordata	Mammalia	Carnivora	Felidae	Leopardus	Leopardus wiedii	pirrensis	SUBSPECIES	Felis wiedii pirrensis Goldman, 1914	Felis wiedii pirrensis		EC	Panbula	Esmeraldas	present		311e2740-f15a-11d8-b22f-b8a03c50a862	0.70455	-79.24207	84115.0						1963-08-18T00:00:00	18	8	1963	6164529	2434950	PRESERVED_SPECIMEN	MSU	MR	MR.9391				CC0_1_0		Charles M. Fugler		NATIVE	2020-02-10T12:00:47.756Z		
919429093	22a66350-7947-4a49-84a3-39c7c1b0881f	urn:catalog:MSU:MR:MR.14419	Animalia	Chordata	Mammalia	Carnivora	Felidae	Leopardus	Leopardus wiedii	pirrensis	SUBSPECIES	Felis wiedii pirrensis Goldman, 1914	Felis wiedii pirrensis		EC	Cupa	Esmeraldas	present		311e2740-f15a-11d8-b22f-b8a03c50a862	0.39638	-79.47747	14615.0						1967-04-25T00:00:00	25	4	1967	6164529	2434950	PRESERVED_SPECIMEN	MSU	MR	MR.14419				CC0_1_0		Senora Blanca Teran		NATIVE	2020-02-10T12:00:47.693Z		
919427475	22a66350-7947-4a49-84a3-39c7c1b0881f	urn:catalog:MSU:MR:MR.12151	Animalia	Chordata	Mammalia	Carnivora	Felidae	Leopardus	Leopardus wiedii	pirrensis	SUBSPECIES	Felis wiedii pirrensis Goldman, 1914	Felis wiedii pirrensis		EC	Bua	Esmeraldas	present		311e2740-f15a-11d8-b22f-b8a03c50a862	0.04977	-79.56108	7615.0						1966-02-07T00:00:00	7	2	1966	6164529	2434950	PRESERVED_SPECIMEN	MSU	MR	MR.12151				CC0_1_0		Senora Blanca Teran		NATIVE	2020-02-10T12:00:52.206Z		
919427122	22a66350-7947-4a49-84a3-39c7c1b0881f	urn:catalog:MSU:MR:MR.12138	Animalia	Chordata	Mammalia	Carnivora	Felidae	Leopardus	Leopardus wiedii	pirrensis	SUBSPECIES	Felis wiedii pirrensis Goldman, 1914	Felis wiedii pirrensis		EC	Santo Domingo de los Colorados	Pichincha	present		311e2740-f15a-11d8-b22f-b8a03c50a862	-0.25	-79.15	6115.0						1966-07-02T00:00:00	2	7	1966	6164529	2434950	PRESERVED_SPECIMEN	MSU	MR	MR.12138				CC0_1_0		Senora Blanca Teran		NATIVE	2020-02-10T12:00:52.056Z		
919426657	22a66350-7947-4a49-84a3-39c7c1b0881f	urn:catalog:MSU:MR:MR.14408	Animalia	Chordata	Mammalia	Carnivora	Felidae	Leopardus	Leopardus wiedii	pirrensis	SUBSPECIES	Felis wiedii pirrensis Goldman, 1914	Felis wiedii pirrensis		EC	Atacames	Esmeraldas	present		311e2740-f15a-11d8-b22f-b8a03c50a862	0.867	-79.85	3057.0						1965-04-16T00:00:00	16	4	1965	6164529	2434950	PRESERVED_SPECIMEN	MSU	MR	MR.14408				CC0_1_0		Senora Blanca Teran		NATIVE	2020-02-10T12:00:50.898Z		
919422560	22a66350-7947-4a49-84a3-39c7c1b0881f	urn:catalog:MSU:MR:MR.9480	Animalia	Chordata	Mammalia	Carnivora	Felidae	Leopardus	Leopardus wiedii	pirrensis	SUBSPECIES	Felis wiedii pirrensis Goldman, 1914	Felis wiedii pirrensis		EC	Dogola	Esmeraldas	present		311e2740-f15a-11d8-b22f-b8a03c50a862	0.22522	-79.69368	21615.0						1963-03-06T00:00:00	6	3	1963	6164529	2434950	PRESERVED_SPECIMEN	MSU	MR	MR.9480				CC0_1_0		Charles M. Fugler		NATIVE	2020-02-10T12:00:51.154Z		
919420082	22a66350-7947-4a49-84a3-39c7c1b0881f	urn:catalog:MSU:MR:MR.12132	Animalia	Chordata	Mammalia	Carnivora	Felidae	Leopardus	Leopardus wiedii	pirrensis	SUBSPECIES	Felis wiedii pirrensis Goldman, 1914	Felis wiedii pirrensis		EC	Rio Blanco	Pichincha	present		311e2740-f15a-11d8-b22f-b8a03c50a862	0.30768	-78.457	93815.0						1966-06-23T00:00:00	23	6	1966	6164529	2434950	PRESERVED_SPECIMEN	MSU	MR	MR.12132				CC0_1_0		Senora Blanca Teran		NATIVE	2020-02-10T12:00:47.507Z		
919418207	22a66350-7947-4a49-84a3-39c7c1b0881f	urn:catalog:MSU:MR:MR.14605	Animalia	Chordata	Mammalia	Carnivora	Felidae	Leopardus	Leopardus wiedii	pirrensis	SUBSPECIES	Felis wiedii pirrensis Goldman, 1914	Felis wiedii pirrensis		EC	Bua	Esmeraldas	present		311e2740-f15a-11d8-b22f-b8a03c50a862	0.04977	-79.56108	7615.0						1967-03-24T00:00:00	24	3	1967	6164529	2434950	PRESERVED_SPECIMEN	MSU	MR	MR.14605				CC0_1_0		Senora Blanca Teran		NATIVE	2020-02-10T12:00:46.051Z		
919417357	22a66350-7947-4a49-84a3-39c7c1b0881f	urn:catalog:MSU:MR:MR.14602	Animalia	Chordata	Mammalia	Carnivora	Felidae	Leopardus	Leopardus wiedii	pirrensis	SUBSPECIES	Felis wiedii pirrensis Goldman, 1914	Felis wiedii pirrensis		EC	Quininde	Manabí	present		311e2740-f15a-11d8-b22f-b8a03c50a862	0.333	-79.467	11657.0						1967-05-02T00:00:00	2	5	1967	6164529	2434950	PRESERVED_SPECIMEN	MSU	MR	MR.14602				CC0_1_0		Senora Blanca Teran		NATIVE	2020-02-10T12:00:51.831Z		
