"","gbifID","datasetKey","occurrenceID","kingdom","phylum","class","order","family","genus","species","infraspecificEpithet","taxonRank","scientificName","verbatimScientificName","verbatimScientificNameAuthorship","countryCode","locality","stateProvince","occurrenceStatus","individualCount","publishingOrgKey","decimalLatitude","decimalLongitude","coordinateUncertaintyInMeters","coordinatePrecision","elevation","elevationAccuracy","depth","depthAccuracy","eventDate","day","month","year","taxonKey","speciesKey","basisOfRecord","institutionCode","collectionCode","catalogNumber","recordNumber","identifiedBy","dateIdentified","license","rightsHolder","recordedBy","typeStatus","establishmentMeans","lastInterpreted","mediaType","issue"
"1",2580270248,"50c9509d-22c7-4a22-a47d-8c48425ef4a7","https://www.inaturalist.org/observations/39375985","Animalia","Chordata","Mammalia","Carnivora","Felidae","Leopardus","Leopardus wiedii",NA,"SPECIES","Leopardus wiedii (Schinz, 1821)","Leopardus wiedii",NA,"CO",NA,"Santander",NA,NA,"28eb1a3f-1c15-4a95-931a-4af90ecb574d",6.5481,-74.152879,31350,NA,NA,NA,NA,NA,2018-12-31 00:00:00,31,12,2018,2434950,2434950,"HUMAN_OBSERVATION","iNaturalist","Observations","39375985",NA,NA,2020-02-29 23:25:39,"CC_BY_NC_4_0","Laura Siabatto","Laura Siabatto",NA,NA,2020-05-15 09:47:29,"StillImage","COORDINATE_ROUNDED;GEODETIC_DATUM_ASSUMED_WGS84"
"2",2579332041,"50c9509d-22c7-4a22-a47d-8c48425ef4a7","https://www.inaturalist.org/observations/39634867","Animalia","Chordata","Mammalia","Carnivora","Felidae","Leopardus","Leopardus wiedii",NA,"SPECIES","Leopardus wiedii (Schinz, 1821)","Leopardus wiedii",NA,"CO",NA,"Santander",NA,NA,"28eb1a3f-1c15-4a95-931a-4af90ecb574d",6.528824,-73.812233,31350,NA,NA,NA,NA,NA,2018-07-24 04:18:27,24,7,2018,2434950,2434950,"HUMAN_OBSERVATION","iNaturalist","Observations","39634867",NA,NA,2020-03-07 03:26:55,"CC_BY_NC_4_0","Laura Siabatto","Laura Siabatto",NA,NA,2020-05-15 09:48:32,"StillImage","COORDINATE_ROUNDED;GEODETIC_DATUM_ASSUMED_WGS84"
"3",2579319029,"50c9509d-22c7-4a22-a47d-8c48425ef4a7","https://www.inaturalist.org/observations/39634997","Animalia","Chordata","Mammalia","Carnivora","Felidae","Leopardus","Leopardus wiedii",NA,"SPECIES","Leopardus wiedii (Schinz, 1821)","Leopardus wiedii",NA,"CO",NA,"Santander",NA,NA,"28eb1a3f-1c15-4a95-931a-4af90ecb574d",6.404428,-73.931888,31350,NA,NA,NA,NA,NA,2018-08-19 21:16:17,19,8,2018,2434950,2434950,"HUMAN_OBSERVATION","iNaturalist","Observations","39634997",NA,NA,2020-03-07 03:33:57,"CC_BY_NC_4_0","Laura Siabatto","Laura Siabatto",NA,NA,2020-05-15 09:48:11,"StillImage","COORDINATE_ROUNDED;GEODETIC_DATUM_ASSUMED_WGS84"
"4",2579218917,"50c9509d-22c7-4a22-a47d-8c48425ef4a7","https://www.inaturalist.org/observations/39634931","Animalia","Chordata","Mammalia","Carnivora","Felidae","Leopardus","Leopardus wiedii",NA,"SPECIES","Leopardus wiedii (Schinz, 1821)","Leopardus wiedii",NA,"CO",NA,"Santander",NA,NA,"28eb1a3f-1c15-4a95-931a-4af90ecb574d",6.458678,-73.992906,31350,NA,NA,NA,NA,NA,2018-12-07 01:07:07,7,12,2018,2434950,2434950,"HUMAN_OBSERVATION","iNaturalist","Observations","39634931",NA,NA,2020-03-07 03:30:39,"CC_BY_NC_4_0","Laura Siabatto","Laura Siabatto",NA,NA,2020-05-15 09:48:07,"StillImage","COORDINATE_ROUNDED;GEODETIC_DATUM_ASSUMED_WGS84"
"5",2563429035,"50c9509d-22c7-4a22-a47d-8c48425ef4a7","http://www.inaturalist.org/observations/1105472","Animalia","Chordata","Mammalia","Carnivora","Felidae","Leopardus","Leopardus wiedii",NA,"SPECIES","Leopardus wiedii (Schinz, 1821)","Leopardus wiedii",NA,"EC",NA,"Manabi",NA,NA,"28eb1a3f-1c15-4a95-931a-4af90ecb574d",-1.779302,-80.767497,31444,NA,NA,NA,NA,NA,2014-10-12 00:00:00,12,10,2014,2434950,2434950,"HUMAN_OBSERVATION","iNaturalist","Observations","1105472",NA,NA,2014-12-01 14:29:53,"CC_BY_NC_4_0","Fauna of Manabi","Fauna of Manabi",NA,NA,2020-05-15 09:47:36,"StillImage","COORDINATE_ROUNDED;GEODETIC_DATUM_ASSUMED_WGS84"
"6",2518146018,"50c9509d-22c7-4a22-a47d-8c48425ef4a7","https://www.inaturalist.org/observations/36534379","Animalia","Chordata","Mammalia","Carnivora","Felidae","Leopardus","Leopardus wiedii",NA,"SPECIES","Leopardus wiedii (Schinz, 1821)","Leopardus wiedii",NA,"CO",NA,"Santander",NA,NA,"28eb1a3f-1c15-4a95-931a-4af90ecb574d",6.528304,-74.137945,31350,NA,NA,NA,NA,NA,2016-12-01 00:00:00,1,12,2016,2434950,2434950,"HUMAN_OBSERVATION","iNaturalist","Observations","36534379",NA,NA,2019-12-10 17:37:11,"CC_BY_NC_4_0","Laura Siabatto","Laura Siabatto",NA,NA,2020-05-15 09:48:11,"StillImage","COORDINATE_ROUNDED;GEODETIC_DATUM_ASSUMED_WGS84"
"7",2517995094,"50c9509d-22c7-4a22-a47d-8c48425ef4a7","https://www.inaturalist.org/observations/36590649","Animalia","Chordata","Mammalia","Carnivora","Felidae","Leopardus","Leopardus wiedii",NA,"SPECIES","Leopardus wiedii (Schinz, 1821)","Leopardus wiedii",NA,"CO",NA,"Santander",NA,NA,"28eb1a3f-1c15-4a95-931a-4af90ecb574d",6.241158,-74.083128,31356,NA,NA,NA,NA,NA,2017-02-15 00:00:00,15,2,2017,2434950,2434950,"HUMAN_OBSERVATION","iNaturalist","Observations","36590649",NA,NA,2019-12-12 16:41:26,"CC_BY_NC_4_0","Laura Siabatto","Laura Siabatto",NA,NA,2020-05-15 09:47:16,"StillImage","COORDINATE_ROUNDED;GEODETIC_DATUM_ASSUMED_WGS84"
"8",2512662303,"aeae59af-613f-444a-ae46-5a6de1374ed8","ABC:1792019:MA841","Animalia","Chordata","Mammalia","Carnivora","Felidae","Leopardus","Leopardus wiedii",NA,"SPECIES","Leopardus wiedii (Schinz, 1821)","Leopardus wiedii","(Schinz, 1821)","CO","El Palmar","Casanare",NA,1,"c803f6f5-2c6a-4b41-8c15-768d48ef1c8c",5.52125,-72.38553,11,NA,1008,NA,NA,NA,2019-09-17 00:00:00,17,9,2019,2434950,2434950,"MACHINE_OBSERVATION","Asociación de Becarios de Casanare (ABC)",NA,NA,NA,NA,NA,"CC_BY_4_0",NA,"Antonio Quiñones",NA,NA,2020-02-10 09:36:04,NA,NA
"9",2422214476,"1a58ec89-e5d4-4b2b-9ed3-1c8b5f70f4fc","MHNUCA:Mammal:823","Animalia","Chordata","Mammalia","Carnivora","Felidae","Leopardus","Leopardus wiedii",NA,"SPECIES","Leopardus wiedii (Schinz, 1821)","Leopardus wiedii","(Schinz, 1821)","CO","Corregimiento de Doradal","Antioquia",NA,NA,"f7f9717e-9e50-4a00-a30f-7b134390a566",5.884558,-74.700891,NA,NA,200,NA,NA,NA,2009-01-20 00:00:00,20,1,2009,2434950,2434950,"PRESERVED_SPECIMEN","Universidad de Caldas (UCALDAS)","MHNUCa","MHNUCA:Mammal:823","154 NR",NA,NA,"CC_BY_NC_4_0","Universidad de Caldas","Nestor Roncancio Duque",NA,NA,2020-02-10 11:19:25,NA,"COORDINATE_ROUNDED"
"10",2412541354,"f1586f46-712b-4d28-a89b-36a302166d4b","Corpoboyaca:Mga2018:015","Animalia","Chordata","Mammalia","Carnivora","Felidae","Leopardus","Leopardus wiedii",NA,"SPECIES","Leopardus wiedii (Schinz, 1821)","Leopardus wiedii",NA,"CO","Vereda Sirguaza, PNR Siscunsí - Ocetá","Boyacá",NA,NA,"03fefd3c-2809-4966-810d-a6c2205ab899",5.674028,-72.673528,NA,NA,2890,NA,NA,NA,2018-06-06 00:00:00,6,6,2018,2434950,2434950,"MACHINE_OBSERVATION","Corpoboyacá",NA,"Mga2018:015",NA,NA,NA,"CC_BY_NC_4_0",NA,"Harold López | Claudia Rivera",NA,NA,2020-02-10 10:31:30,NA,"COORDINATE_ROUNDED"
"11",2273364260,"a18d5ab7-894a-4649-a4dd-7335086fe910","IIAP_CiénagaBeté_2008_Mamíferos_23","Animalia","Chordata","Mammalia","Carnivora","Felidae","Leopardus","Leopardus wiedii",NA,"SPECIES","Leopardus wiedii (Schinz, 1821)","Leopardus wiedii",NA,"CO","Cabecera municipal del municipio del Medio Atrato","Chocó",NA,1,"e1050db2-9faf-4d72-b860-295debaf9d2a",6.016472,-76.779083,NA,NA,56,0,NA,NA,2008-12-06 00:00:00,6,12,2008,2434950,2434950,"HUMAN_OBSERVATION","IIAP",NA,NA,NA,NA,NA,"CC_BY_NC_4_0",NA,"Moya R.J.",NA,NA,2020-02-10 10:35:33,NA,"COORDINATE_ROUNDED"
"12",2265794205,"50c9509d-22c7-4a22-a47d-8c48425ef4a7","https://www.inaturalist.org/observations/24474652","Animalia","Chordata","Mammalia","Carnivora","Felidae","Leopardus","Leopardus wiedii",NA,"SPECIES","Leopardus wiedii (Schinz, 1821)","Leopardus wiedii",NA,"EC",NA,"Orellana",NA,NA,"28eb1a3f-1c15-4a95-931a-4af90ecb574d",-0.564673,-76.086795,31451,NA,NA,NA,NA,NA,1999-09-06 00:08:00,6,9,1999,2434950,2434950,"HUMAN_OBSERVATION","iNaturalist","Observations","24474652",NA,NA,2019-05-03 23:14:54,"CC_BY_NC_4_0","Gonçalo Ferrão da Costa","Gonçalo Ferrão da Costa",NA,NA,2020-05-15 09:47:47,NA,"COORDINATE_ROUNDED;GEODETIC_DATUM_ASSUMED_WGS84"
"13",2237831426,"f1ab0312-f0f8-4a86-a0e4-4e3907ab7b2b","5473218366275584","Animalia","Chordata","Mammalia","Carnivora","Felidae","Leopardus","Leopardus wiedii",NA,"SPECIES","Leopardus wiedii (Schinz, 1821)","Leopardus wiedii","(Schinz, 1821)","CO","Parque Nacional Natural Selva de Florencia",NA,NA,1,"ab13adb9-ce23-444d-87c9-ce41f03ef2b3",5.505028,-75.070306,NA,NA,1719,NA,NA,NA,2017-09-16 00:00:00,16,9,2017,2434950,2434950,"MACHINE_OBSERVATION","Parques Nacionales Naturales de Colombia",NA,NA,NA,NA,NA,"CC_BY_NC_4_0","Parques Nacionales Naturales de Colombia",NA,NA,NA,2020-02-10 10:38:47,NA,"COORDINATE_ROUNDED"
"14",2237831028,"f1ab0312-f0f8-4a86-a0e4-4e3907ab7b2b","6367121319657472","Animalia","Chordata","Mammalia","Carnivora","Felidae","Leopardus","Leopardus wiedii",NA,"SPECIES","Leopardus wiedii (Schinz, 1821)","Leopardus wiedii","(Schinz, 1821)","CO","Parque Nacional Natural Selva de Florencia",NA,NA,1,"ab13adb9-ce23-444d-87c9-ce41f03ef2b3",5.459333,-75.114389,NA,NA,2306,NA,NA,NA,2017-08-10 00:00:00,10,8,2017,2434950,2434950,"MACHINE_OBSERVATION","Parques Nacionales Naturales de Colombia",NA,NA,NA,NA,NA,"CC_BY_NC_4_0","Parques Nacionales Naturales de Colombia",NA,NA,NA,2020-02-10 10:38:47,NA,NA
"15",2237830992,"f1ab0312-f0f8-4a86-a0e4-4e3907ab7b2b","5241221412814848","Animalia","Chordata","Mammalia","Carnivora","Felidae","Leopardus","Leopardus wiedii",NA,"SPECIES","Leopardus wiedii (Schinz, 1821)","Leopardus wiedii","(Schinz, 1821)","CO","Parque Nacional Natural Selva de Florencia",NA,NA,1,"ab13adb9-ce23-444d-87c9-ce41f03ef2b3",5.459333,-75.114389,NA,NA,2306,NA,NA,NA,2017-08-07 00:00:00,7,8,2017,2434950,2434950,"MACHINE_OBSERVATION","Parques Nacionales Naturales de Colombia",NA,NA,NA,NA,NA,"CC_BY_NC_4_0","Parques Nacionales Naturales de Colombia",NA,NA,NA,2020-02-10 10:38:47,NA,NA
"16",2237549832,"e2997269-eb19-4667-812e-b35168fa0e6d","CPR-CELSIA_2018-IIS:MAV-72","Animalia","Chordata","Mammalia","Carnivora","Felidae","Leopardus","Leopardus wiedii",NA,"SPECIES","Leopardus wiedii (Schinz, 1821)","Leopardus weidii","Gray, 1842","CO","Vereda San Marcos","Tolima",NA,2,"2627e955-93f5-4206-bac5-a1e3bd91ee37",4.06178,-75.56406,NA,NA,2675.5,49.5,NA,NA,2018-11-20 00:00:00,20,11,2018,2434950,2434950,"HUMAN_OBSERVATION","Corporación Paisajes Rurales (CPR)","CPR-MAV:2018-IIS_CUCUANA","CPR-2018-IIS:CUCUANA-MAV-72",NA,NA,NA,"CC_BY_NC_4_0",NA,"Marco Aarón Villegas",NA,NA,2020-02-10 10:38:51,NA,"TAXON_MATCH_FUZZY"
"17",2237549761,"e2997269-eb19-4667-812e-b35168fa0e6d","CPR-CELSIA_2018-IIS:MAV-11","Animalia","Chordata","Mammalia","Carnivora","Felidae","Leopardus","Leopardus wiedii",NA,"SPECIES","Leopardus wiedii (Schinz, 1821)","Leopardus weidii","Gray, 1842","CO","Vereda Yerbabuena, Reserva Loros Andinos","Tolima",NA,2,"2627e955-93f5-4206-bac5-a1e3bd91ee37",4.09019,-75.71028,NA,NA,3215.5,148.5,NA,NA,2018-11-08 00:00:00,8,11,2018,2434950,2434950,"HUMAN_OBSERVATION","Corporación Paisajes Rurales (CPR)","CPR-MAV:2018-IIS_CUCUANA","CPR-2018-IIS:CUCUANA-MAV-11",NA,NA,NA,"CC_BY_NC_4_0",NA,"Marco Aarón Villegas",NA,NA,2020-02-10 10:38:51,NA,"TAXON_MATCH_FUZZY"
"18",2013045028,"1d0f6e54-c1a9-48c4-bdb8-381fe2220b44","IIAP_CerroTacarcuna_2017_Mamíferos_CR24","Animalia","Chordata","Mammalia","Carnivora","Felidae","Leopardus","Leopardus wiedii",NA,"SPECIES","Leopardus wiedii (Schinz, 1821)","Leopardus wiedii","(Schinz, 1821)","CO","Casco Urbano del municipio de Unguía, vereda Arquía-Limón, cerro Tacarcuna, Trocha vía campamento - quebrada El Tigre","Chocó",NA,1,"e1050db2-9faf-4d72-b860-295debaf9d2a",8.121389,-77.244167,NA,NA,1104,0,NA,NA,2017-04-03 00:00:00,3,4,2017,2434950,2434950,"HUMAN_OBSERVATION","IIAP",NA,NA,NA,"Palacios-Mosquera Leison",2017-07-18 00:00:00,"CC_BY_NC_4_0",NA,"Palacios-Mosquera Leison",NA,NA,2020-02-10 10:52:50,NA,"COORDINATE_ROUNDED;CONTINENT_INVALID"
"19",2012889996,"aea58d1a-8d3a-484c-b186-bd2af003bfde","IAvH:CBB:COLOMBIABIO:FOTOTRAMPEO:OBSERVACIONCONMAQUINA:I2D-BIO_2019_037:947","Animalia","Chordata","Mammalia","Carnivora","Felidae","Leopardus","Leopardus wiedii",NA,"SPECIES","Leopardus wiedii (Schinz, 1821)","Leopardus wiedii","""""""Schinz, 1821""""""","CO","Vereda El Porvenir","Antioquia",NA,NA,"2a7e3080-28a9-11dd-97cd-b8a03c50a862",5.893611,-75.189722,NA,NA,3096,0,NA,NA,2016-12-22 00:00:00,22,12,2016,2434950,2434950,"MACHINE_OBSERVATION","Instituto de Investigación de Recursos Biológicos Alexander von Humboldt (IAvH)","Instituto de Investigación de Recursos Biológicos Alexander von Humboldt (IAvH)",NA,"2497_EK000525","Angélica Diaz Pulido",2017-11-07 00:00:00,"CC_BY_NC_4_0",NA,"Angélica Díaz Pulido",NA,NA,2020-02-10 10:40:51,NA,"COORDINATE_ROUNDED;MULTIMEDIA_URI_INVALID"
"20",2012889988,"aea58d1a-8d3a-484c-b186-bd2af003bfde","IAvH:CBB:COLOMBIABIO:FOTOTRAMPEO:OBSERVACIONCONMAQUINA:I2D-BIO_2019_037:946","Animalia","Chordata","Mammalia","Carnivora","Felidae","Leopardus","Leopardus wiedii",NA,"SPECIES","Leopardus wiedii (Schinz, 1821)","Leopardus wiedii","""""""Schinz, 1821""""""","CO","Vereda El Porvenir","Antioquia",NA,NA,"2a7e3080-28a9-11dd-97cd-b8a03c50a862",5.893611,-75.189722,NA,NA,3096,0,NA,NA,2016-12-22 00:00:00,22,12,2016,2434950,2434950,"MACHINE_OBSERVATION","Instituto de Investigación de Recursos Biológicos Alexander von Humboldt (IAvH)","Instituto de Investigación de Recursos Biológicos Alexander von Humboldt (IAvH)",NA,"2497_EK000524","Angélica Diaz Pulido",2017-11-07 00:00:00,"CC_BY_NC_4_0",NA,"Angélica Díaz Pulido",NA,NA,2020-02-10 10:40:51,NA,"COORDINATE_ROUNDED;MULTIMEDIA_URI_INVALID"
"21",2012889981,"aea58d1a-8d3a-484c-b186-bd2af003bfde","IAvH:CBB:COLOMBIABIO:FOTOTRAMPEO:OBSERVACIONCONMAQUINA:I2D-BIO_2019_037:943","Animalia","Chordata","Mammalia","Carnivora","Felidae","Leopardus","Leopardus wiedii",NA,"SPECIES","Leopardus wiedii (Schinz, 1821)","Leopardus wiedii","""""""Schinz, 1821""""""","CO","Vereda El Porvenir","Antioquia",NA,NA,"2a7e3080-28a9-11dd-97cd-b8a03c50a862",5.893611,-75.189722,NA,NA,3096,0,NA,NA,2016-12-22 00:00:00,22,12,2016,2434950,2434950,"MACHINE_OBSERVATION","Instituto de Investigación de Recursos Biológicos Alexander von Humboldt (IAvH)","Instituto de Investigación de Recursos Biológicos Alexander von Humboldt (IAvH)",NA,"2497_EK000521","Angélica Diaz Pulido",2017-11-07 00:00:00,"CC_BY_NC_4_0",NA,"Angélica Díaz Pulido",NA,NA,2020-02-10 10:40:51,NA,"COORDINATE_ROUNDED;MULTIMEDIA_URI_INVALID"
"22",2012889956,"aea58d1a-8d3a-484c-b186-bd2af003bfde","IAvH:CBB:COLOMBIABIO:FOTOTRAMPEO:OBSERVACIONCONMAQUINA:I2D-BIO_2019_037:945","Animalia","Chordata","Mammalia","Carnivora","Felidae","Leopardus","Leopardus wiedii",NA,"SPECIES","Leopardus wiedii (Schinz, 1821)","Leopardus wiedii","""""""Schinz, 1821""""""","CO","Vereda El Porvenir","Antioquia",NA,NA,"2a7e3080-28a9-11dd-97cd-b8a03c50a862",5.893611,-75.189722,NA,NA,3096,0,NA,NA,2016-12-22 00:00:00,22,12,2016,2434950,2434950,"MACHINE_OBSERVATION","Instituto de Investigación de Recursos Biológicos Alexander von Humboldt (IAvH)","Instituto de Investigación de Recursos Biológicos Alexander von Humboldt (IAvH)",NA,"2497_EK000523","Angélica Diaz Pulido",2017-11-07 00:00:00,"CC_BY_NC_4_0",NA,"Angélica Díaz Pulido",NA,NA,2020-02-10 10:40:51,NA,"COORDINATE_ROUNDED;MULTIMEDIA_URI_INVALID"
"23",2012889955,"aea58d1a-8d3a-484c-b186-bd2af003bfde","IAvH:CBB:COLOMBIABIO:FOTOTRAMPEO:OBSERVACIONCONMAQUINA:I2D-BIO_2019_037:942","Animalia","Chordata","Mammalia","Carnivora","Felidae","Leopardus","Leopardus wiedii",NA,"SPECIES","Leopardus wiedii (Schinz, 1821)","Leopardus wiedii","""""""Schinz, 1821""""""","CO","Vereda El Porvenir","Antioquia",NA,NA,"2a7e3080-28a9-11dd-97cd-b8a03c50a862",5.893611,-75.189722,NA,NA,3096,0,NA,NA,2016-12-22 00:00:00,22,12,2016,2434950,2434950,"MACHINE_OBSERVATION","Instituto de Investigación de Recursos Biológicos Alexander von Humboldt (IAvH)","Instituto de Investigación de Recursos Biológicos Alexander von Humboldt (IAvH)",NA,"2497_EK000520","Angélica Diaz Pulido",2017-11-07 00:00:00,"CC_BY_NC_4_0",NA,"Angélica Díaz Pulido",NA,NA,2020-02-10 10:40:51,NA,"COORDINATE_ROUNDED;MULTIMEDIA_URI_INVALID"
"24",2012889933,"aea58d1a-8d3a-484c-b186-bd2af003bfde","IAvH:CBB:COLOMBIABIO:FOTOTRAMPEO:OBSERVACIONCONMAQUINA:I2D-BIO_2019_037:944","Animalia","Chordata","Mammalia","Carnivora","Felidae","Leopardus","Leopardus wiedii",NA,"SPECIES","Leopardus wiedii (Schinz, 1821)","Leopardus wiedii","""""""Schinz, 1821""""""","CO","Vereda El Porvenir","Antioquia",NA,NA,"2a7e3080-28a9-11dd-97cd-b8a03c50a862",5.893611,-75.189722,NA,NA,3096,0,NA,NA,2016-12-22 00:00:00,22,12,2016,2434950,2434950,"MACHINE_OBSERVATION","Instituto de Investigación de Recursos Biológicos Alexander von Humboldt (IAvH)","Instituto de Investigación de Recursos Biológicos Alexander von Humboldt (IAvH)",NA,"2497_EK000522","Angélica Diaz Pulido",2017-11-07 00:00:00,"CC_BY_NC_4_0",NA,"Angélica Díaz Pulido",NA,NA,2020-02-10 10:40:51,NA,"COORDINATE_ROUNDED;MULTIMEDIA_URI_INVALID"
"25",1978423515,"50c9509d-22c7-4a22-a47d-8c48425ef4a7","https://www.inaturalist.org/observations/18777133","Animalia","Chordata","Mammalia","Carnivora","Felidae","Leopardus","Leopardus wiedii",NA,"SPECIES","Leopardus wiedii (Schinz, 1821)","Leopardus wiedii",NA,"CO",NA,"Quindío",NA,NA,"28eb1a3f-1c15-4a95-931a-4af90ecb574d",4.760972,-75.482055,31398,NA,NA,NA,NA,NA,2008-07-31 00:00:00,31,7,2008,2434950,2434950,"HUMAN_OBSERVATION","iNaturalist","Observations","18777133",NA,NA,2018-12-02 16:07:27,"CC_BY_NC_4_0","Oscar H. Marín","Oscar H. Marín",NA,NA,2020-05-15 09:47:59,NA,"COORDINATE_ROUNDED;GEODETIC_DATUM_ASSUMED_WGS84"
"26",1949916704,"4b99d5d8-5d62-4f17-89cc-b1bd3bc242ec","ColombiaBio:SINCHI:FAUNA:2017-1:1:4062_133-138","Animalia","Chordata","Mammalia","Carnivora","Felidae","Leopardus","Leopardus wiedii",NA,"SPECIES","Leopardus wiedii (Schinz, 1821)","Leopardus wiedii","""""""Schinz, 1821""""""","CO","""""""PNR Camino Andakí, Sector quebrada La Profunda""""""","Caquetá",NA,NA,"9d77fdeb-100f-4b29-98ad-4effdd824457",1.672778,-75.907389,3,NA,1267,0,NA,NA,2017-01-30 00:00:00,30,1,2017,2434950,2434950,"MACHINE_OBSERVATION","Instituto Amazónico de Investigaciones Científicas SINCHI",NA,NA,NA,NA,NA,"CC_BY_NC_4_0",NA,"Javier Garcia Villalba",NA,NA,2020-02-10 11:16:29,NA,"COORDINATE_ROUNDED"
"27",1949916695,"4b99d5d8-5d62-4f17-89cc-b1bd3bc242ec","ColombiaBio:SINCHI:FAUNA:2017-1:23:5124_013-042","Animalia","Chordata","Mammalia","Carnivora","Felidae","Leopardus","Leopardus wiedii",NA,"SPECIES","Leopardus wiedii (Schinz, 1821)","Leopardus wiedii","""""""Schinz, 1821""""""","CO","""""""PNR Camino Andakí, Sector quebrada La Profunda""""""","Caquetá",NA,NA,"9d77fdeb-100f-4b29-98ad-4effdd824457",1.672056,-75.908333,3,NA,1248,0,NA,NA,2017-01-28 00:00:00,28,1,2017,2434950,2434950,"MACHINE_OBSERVATION","Instituto Amazónico de Investigaciones Científicas SINCHI",NA,NA,NA,NA,NA,"CC_BY_NC_4_0",NA,"Javier Garcia Villalba",NA,NA,2020-02-10 11:16:29,NA,"COORDINATE_ROUNDED"
"28",1944380939,"50c9509d-22c7-4a22-a47d-8c48425ef4a7","https://www.inaturalist.org/observations/18172031","Animalia","Chordata","Mammalia","Carnivora","Felidae","Leopardus","Leopardus wiedii",NA,"SPECIES","Leopardus wiedii (Schinz, 1821)","Leopardus wiedii",NA,"EC",NA,"Imbabura",NA,NA,"28eb1a3f-1c15-4a95-931a-4af90ecb574d",0.280178,-78.660357,31451,NA,NA,NA,NA,NA,2018-05-01 00:00:00,1,5,2018,2434950,2434950,"HUMAN_OBSERVATION","iNaturalist","Observations","18172031",NA,NA,2018-11-06 16:37:04,"CC_BY_NC_4_0","alexwcranston","alexwcranston",NA,NA,2020-05-15 09:47:50,"StillImage","COORDINATE_ROUNDED;GEODETIC_DATUM_ASSUMED_WGS84"
"29",1890032423,"50c9509d-22c7-4a22-a47d-8c48425ef4a7","http://www.inaturalist.org/observations/1126619","Animalia","Chordata","Mammalia","Carnivora","Felidae","Leopardus","Leopardus wiedii",NA,"SPECIES","Leopardus wiedii (Schinz, 1821)","Leopardus wiedii",NA,"EC",NA,"Manabi",NA,NA,"28eb1a3f-1c15-4a95-931a-4af90ecb574d",-1.003376,-80.842065,31448,NA,NA,NA,NA,NA,2014-10-30 00:00:00,30,10,2014,2434950,2434950,"HUMAN_OBSERVATION","iNaturalist","Observations","1126619",NA,NA,2014-12-11 15:15:24,"CC_BY_NC_4_0","Fauna of Manabi","Fauna of Manabi",NA,NA,2020-05-15 09:47:03,"StillImage","COORDINATE_ROUNDED;GEODETIC_DATUM_ASSUMED_WGS84"
"30",1846725980,"09d5405e-ca86-45f2-afa7-93cc707f54aa","IAVH:GEFPALMA:COLOMBIA:ANIMALIAPLANTAE:OBSERVACIONHUMANA:I2D-BIO_2016_081:6947","Animalia","Chordata","Mammalia","Carnivora","Felidae","Leopardus","Leopardus wiedii",NA,"SPECIES","Leopardus wiedii (Schinz, 1821)","Leopardus wiedii",NA,"CO","Hacienda la Lucha y el Castaño","Magdalena",NA,1,"2a7e3080-28a9-11dd-97cd-b8a03c50a862",10.53473,-74.14693,NA,NA,69,NA,NA,NA,2014-10-26 00:00:00,26,10,2014,2434950,2434950,"HUMAN_OBSERVATION","FEDEPALMA","FEDEPALMA","IAVH:GEFPALMA:COLOMBIA:ANIMALIAPLANTAE:OBSERVACIONHUMANA:I2D-BIO_2016_081:6947",NA,NA,NA,"CC_BY_NC_4_0",NA,"Ángela Álviz Iriarte",NA,NA,2020-02-10 11:10:06,NA,NA
"31",1839300755,"87372877-711d-43cf-aae5-02b9eb18da41","CPR-CELSIA:_2017_B_CUCUANA_MAV:0144","Animalia","Chordata","Mammalia","Carnivora","Felidae","Leopardus","Leopardus wiedii",NA,"SPECIES","Leopardus wiedii (Schinz, 1821)","Leopardus wiedii",""""""" (Schinz, 1821)""""""","CO","Vereda San Marcos","Tolima",NA,3,"2627e955-93f5-4206-bac5-a1e3bd91ee37",4.025856,-75.555889,NA,NA,2229,29,NA,NA,2017-12-15 00:00:00,15,12,2017,2434950,2434950,"HUMAN_OBSERVATION","CPR","CPR_MAV_2017_CUCUANA_B","CPR-CELSIA-2017_B_:CUCUANA_MAV_0144",NA,NA,NA,"CC_BY_NC_4_0",NA,"Marco Aarón Villegas",NA,NA,2020-02-10 11:10:47,NA,"COORDINATE_ROUNDED"
"32",1806320578,"50c9509d-22c7-4a22-a47d-8c48425ef4a7","http://www.inaturalist.org/observations/1126631","Animalia","Chordata","Mammalia","Carnivora","Felidae","Leopardus","Leopardus wiedii",NA,"SPECIES","Leopardus wiedii (Schinz, 1821)","Leopardus wiedii",NA,"EC",NA,"Manabi",NA,NA,"28eb1a3f-1c15-4a95-931a-4af90ecb574d",-1.001842,-80.860831,31448,NA,NA,NA,NA,NA,2014-08-07 00:00:00,7,8,2014,2434950,2434950,"HUMAN_OBSERVATION","iNaturalist","Observations","1126631",NA,NA,2014-12-11 15:24:15,"CC_BY_NC_4_0","Fauna of Manabi","Fauna of Manabi",NA,NA,2020-05-15 09:47:33,"StillImage","COORDINATE_ROUNDED;GEODETIC_DATUM_ASSUMED_WGS84"
"33",1707664420,"2a337d5a-a784-4f8a-a947-46d69e0fa3eb","IAvH:IAvH-M-7068","Animalia","Chordata","Mammalia","Carnivora","Felidae","Leopardus","Leopardus wiedii",NA,"SPECIES","Leopardus wiedii (Schinz, 1821)","Leopardus wiedii","Schinz, 1821","CO","PNN Tama, vereda El Diamante","Norte de Santander",NA,NA,"2a7e3080-28a9-11dd-97cd-b8a03c50a862",7.122778,-72.233056,NA,NA,1100,0,NA,NA,NA,NA,NA,NA,2434950,2434950,"PRESERVED_SPECIMEN","Instituto de Investigación de Recursos Biológicos Alexander von Humboldt (IAvH)","Colección de Mamíferos del Instituto de Investigación de Recursos Biológicos Alexander von Humboldt (IAvH-M)","IAvH-M-7068",NA,"Yaneth Muñoz-Saba",1999-09-26 00:00:00,"CC_BY_NC_4_0",NA,"Yaneth Muñoz-Saba",NA,NA,2020-02-10 12:28:20,NA,"COORDINATE_ROUNDED"
"34",1705719307,"6c41b69e-6a38-49e6-ab8d-99f1d0516f91","ZOOBAQ:Cámaratrampa023","Animalia","Chordata","Mammalia","Carnivora","Felidae","Leopardus","Leopardus wiedii",NA,"SPECIES","Leopardus wiedii (Schinz, 1821)","Leopardus wiedii (Schinz, 1821)","(Schinz, 1821)","CO","DMI Luriza","Atlántico",NA,NA,"c3809434-1211-4b43-b20c-bd940780d30e",10.74975,-75.026811,NA,NA,150,0,NA,NA,2016-12-23 00:00:00,23,12,2016,2434950,2434950,"MACHINE_OBSERVATION","ZOOBAQ",NA,NA,NA,NA,NA,"CC0_1_0",NA,NA,NA,NA,2020-02-10 11:14:47,NA,"COORDINATE_ROUNDED"
"35",1657216829,"68367736-6990-42f3-b0d1-41b0a6db8236","PCT:CT97","Animalia","Chordata","Mammalia","Carnivora","Felidae","Leopardus","Leopardus wiedii",NA,"SPECIES","Leopardus wiedii (Schinz, 1821)","Leopardus wiedii (Schinz, 1821)","(Schinz, 1821)","CO","Gairaca y Chengue","Magdalena",NA,1,"13a1e31d-4046-4c80-8a06-f97a4eb8cf53",5.20128,-72.55323,NA,NA,304,0,NA,NA,2012-07-21 00:00:00,21,7,2012,2434950,2434950,"MACHINE_OBSERVATION","ProCAT",NA,NA,NA,NA,NA,"CC0_1_0",NA,"ProCAT Investigadores",NA,NA,2020-02-10 11:16:57,NA,NA
"36",1657216806,"68367736-6990-42f3-b0d1-41b0a6db8236","PCT:CT206","Animalia","Chordata","Mammalia","Carnivora","Felidae","Leopardus","Leopardus wiedii",NA,"SPECIES","Leopardus wiedii (Schinz, 1821)","Leopardus wiedii (Schinz, 1821)","(Schinz, 1821)","CO","Arrecifes y Cañaveral","Magdalena",NA,1,"13a1e31d-4046-4c80-8a06-f97a4eb8cf53",4.94214,-72.4541,NA,NA,52,0,NA,NA,2012-01-20 00:00:00,20,1,2012,2434950,2434950,"MACHINE_OBSERVATION","ProCAT",NA,NA,NA,NA,NA,"CC0_1_0",NA,"ProCAT Investigadores",NA,NA,2020-02-10 11:16:56,NA,NA
"37",1657216787,"68367736-6990-42f3-b0d1-41b0a6db8236","PCT:CT108","Animalia","Chordata","Mammalia","Carnivora","Felidae","Leopardus","Leopardus wiedii",NA,"SPECIES","Leopardus wiedii (Schinz, 1821)","Leopardus wiedii (Schinz, 1821)","(Schinz, 1821)","CO","Neguanje y Cinto","Magdalena",NA,1,"13a1e31d-4046-4c80-8a06-f97a4eb8cf53",4.81822,-74.02561,NA,NA,396,0,NA,NA,2012-04-21 00:00:00,21,4,2012,2434950,2434950,"MACHINE_OBSERVATION","ProCAT",NA,NA,NA,NA,NA,"CC0_1_0",NA,"ProCAT Investigadores",NA,NA,2020-02-10 11:16:57,NA,NA
"38",1657216780,"68367736-6990-42f3-b0d1-41b0a6db8236","PCT:CT59","Animalia","Chordata","Mammalia","Carnivora","Felidae","Leopardus","Leopardus wiedii",NA,"SPECIES","Leopardus wiedii (Schinz, 1821)","Leopardus wiedii (Schinz, 1821)","(Schinz, 1821)","CO","Bahia Concha y Granate","Magdalena",NA,1,"13a1e31d-4046-4c80-8a06-f97a4eb8cf53",4.80892,-74.01801,NA,NA,24,0,NA,NA,2012-02-19 00:00:00,19,2,2012,2434950,2434950,"MACHINE_OBSERVATION","ProCAT",NA,NA,NA,NA,NA,"CC0_1_0",NA,"ProCAT Investigadores",NA,NA,2020-02-10 11:16:57,NA,NA
"39",1639428847,"3546c1aa-a3e2-4888-870f-b246cd0971ed","BIODIVERSA-ACODAL:2014-MM-465","Animalia","Chordata","Mammalia","Carnivora","Felidae","Leopardus","Leopardus wiedii",NA,"SPECIES","Leopardus wiedii (Schinz, 1821)","Leopardus wiedii (Schinz, 1821)",NA,"CO","Corregimiento Playa Rica, Vereda Guadualito, predio Camellones 3 (Cielo Bonito)","Valle Del Cauca",NA,1,"acdeb4a9-78c7-423b-bb21-fb5c4e515854",4.708617,-76.211869,NA,NA,1948,88,NA,NA,2014-10-01 00:00:00,NA,10,2014,2434950,2434950,"HUMAN_OBSERVATION","900425123-7","Mamiferos","MM-465",NA,NA,NA,"CC_BY_NC_4_0","Corporación para la Gestión Ambiental Biodiversa","Alex Cortés | Andrea Borrero | Martha Silva Velasco | Reisa Valencia Daza",NA,NA,2020-02-10 11:18:56,NA,"COORDINATE_ROUNDED"
"40",1639428834,"3546c1aa-a3e2-4888-870f-b246cd0971ed","BIODIVERSA-ACODAL:2014-MM-530","Animalia","Chordata","Mammalia","Carnivora","Felidae","Leopardus","Leopardus wiedii",NA,"SPECIES","Leopardus wiedii (Schinz, 1821)","Leopardus wiedii (Schinz, 1821)",NA,"CO","Corregimiento Salmelia, Vereda Albán, predio El Descanso","Valle Del Cauca",NA,1,"acdeb4a9-78c7-423b-bb21-fb5c4e515854",4.756514,-76.172686,NA,NA,1935,65,NA,NA,2014-10-01 00:00:00,NA,10,2014,2434950,2434950,"HUMAN_OBSERVATION","900425123-7","Mamiferos","MM-530",NA,NA,NA,"CC_BY_NC_4_0","Corporación para la Gestión Ambiental Biodiversa","Alex Cortés | Andrea Borrero | Martha Silva Velasco | Reisa Valencia Daza",NA,NA,2020-02-10 11:18:55,NA,"COORDINATE_ROUNDED"
"41",1639428829,"3546c1aa-a3e2-4888-870f-b246cd0971ed","BIODIVERSA-ACODAL:2014-MM-966","Animalia","Chordata","Mammalia","Carnivora","Felidae","Leopardus","Leopardus wiedii",NA,"SPECIES","Leopardus wiedii (Schinz, 1821)","Leopardus wiedii (Schinz, 1821)",NA,"CO","Zona rural del municipio de Yotoco, Vereda Miravalle-Dopo, predio La Umbría","Valle del Cauca",NA,1,"acdeb4a9-78c7-423b-bb21-fb5c4e515854",3.960656,-76.369042,NA,NA,1620,132,NA,NA,2014-08-20 00:00:00,20,8,2014,2434950,2434950,"HUMAN_OBSERVATION","900425123-7","Mamiferos","MM-966",NA,NA,NA,"CC_BY_NC_4_0","Corporación para la Gestión Ambiental Biodiversa","Alex Cortés | Andrea Borrero | Martha Silva Velasco | Reisa Valencia Daza",NA,NA,2020-02-10 11:18:55,NA,"COORDINATE_ROUNDED"
"42",1639428821,"3546c1aa-a3e2-4888-870f-b246cd0971ed","BIODIVERSA-ACODAL:2014-MM-113","Animalia","Chordata","Mammalia","Carnivora","Felidae","Leopardus","Leopardus wiedii",NA,"SPECIES","Leopardus wiedii (Schinz, 1821)","Leopardus wiedii (Schinz, 1821)",NA,"CO","Corregimiento La Marina, Vereda La Estrella, predio La Cristalina","Valle Del Cauca",NA,1,"acdeb4a9-78c7-423b-bb21-fb5c4e515854",4.716333,-76.100253,NA,NA,1870,200,NA,NA,2014-11-01 00:00:00,NA,11,2014,2434950,2434950,"HUMAN_OBSERVATION","900425123-7","Mamiferos","MM-113",NA,NA,NA,"CC_BY_NC_4_0","Corporación para la Gestión Ambiental Biodiversa","Alex Cortés | Andrea Borrero | Martha Silva Velasco | Reisa Valencia Daza",NA,NA,2020-02-10 11:18:55,NA,"COORDINATE_ROUNDED"
"43",1639428818,"3546c1aa-a3e2-4888-870f-b246cd0971ed","BIODIVERSA-ACODAL:2014-MM-988","Animalia","Chordata","Mammalia","Carnivora","Felidae","Leopardus","Leopardus wiedii",NA,"SPECIES","Leopardus wiedii (Schinz, 1821)","Leopardus wiedii (Schinz, 1821)",NA,"CO","Corregimiento El Dorado, zona rural del municipio de Yotoco, predio La Unión","Valle del Cauca",NA,1,"acdeb4a9-78c7-423b-bb21-fb5c4e515854",3.849119,-76.428381,NA,NA,1634.5,35.5,NA,NA,2014-08-20 00:00:00,20,8,2014,2434950,2434950,"HUMAN_OBSERVATION","900425123-7","Mamiferos","MM-988",NA,NA,NA,"CC_BY_NC_4_0","Corporación para la Gestión Ambiental Biodiversa","Alex Cortés | Andrea Borrero | Martha Silva Velasco | Reisa Valencia Daza",NA,NA,2020-02-10 11:18:55,NA,"COORDINATE_ROUNDED"
"44",1639428817,"3546c1aa-a3e2-4888-870f-b246cd0971ed","BIODIVERSA-ACODAL:2014-MM-072","Animalia","Chordata","Mammalia","Carnivora","Felidae","Leopardus","Leopardus wiedii",NA,"SPECIES","Leopardus wiedii (Schinz, 1821)","Leopardus wiedii (Schinz, 1821)",NA,"CO","Corregimiento Lucitania, Vereda Real Placer, Predio El Jardín","Valle Del Cauca",NA,1,"acdeb4a9-78c7-423b-bb21-fb5c4e515854",4.786656,-76.072353,NA,NA,1600,0,NA,NA,2014-10-01 00:00:00,NA,10,2014,2434950,2434950,"HUMAN_OBSERVATION","900425123-7","Mamiferos","MM-072",NA,NA,NA,"CC_BY_NC_4_0","Corporación para la Gestión Ambiental Biodiversa","Alex Cortés | Andrea Borrero | Martha Silva Velasco | Reisa Valencia Daza",NA,NA,2020-02-10 11:18:55,NA,"COORDINATE_ROUNDED"
"45",1639428814,"3546c1aa-a3e2-4888-870f-b246cd0971ed","BIODIVERSA-ACODAL:2014-MM-157","Animalia","Chordata","Mammalia","Carnivora","Felidae","Leopardus","Leopardus wiedii",NA,"SPECIES","Leopardus wiedii (Schinz, 1821)","Leopardus wiedii (Schinz, 1821)",NA,"CO","Corregimiento Las Brisas, Vereda La Marina, Predio La Marina","Valle Del Cauca",NA,1,"acdeb4a9-78c7-423b-bb21-fb5c4e515854",4.738219,-76.113503,NA,NA,1715,65,NA,NA,2014-11-01 00:00:00,NA,11,2014,2434950,2434950,"HUMAN_OBSERVATION","900425123-7","Mamiferos","MM-157",NA,NA,NA,"CC_BY_NC_4_0","Corporación para la Gestión Ambiental Biodiversa","Alex Cortés | Andrea Borrero | Martha Silva Velasco | Reisa Valencia Daza",NA,NA,2020-02-10 11:18:55,NA,"COORDINATE_ROUNDED"
"46",1639428813,"3546c1aa-a3e2-4888-870f-b246cd0971ed","BIODIVERSA-ACODAL:2014-MM-301","Animalia","Chordata","Mammalia","Carnivora","Felidae","Leopardus","Leopardus wiedii",NA,"SPECIES","Leopardus wiedii (Schinz, 1821)","Leopardus wiedii (Schinz, 1821)",NA,"CO","Corregimiento Villacarmelo, predio La Carolina","Valle Del Cauca",NA,1,"acdeb4a9-78c7-423b-bb21-fb5c4e515854",3.399294,-76.617303,NA,NA,2000,400,NA,NA,2014-08-01 00:00:00,NA,8,2014,2434950,2434950,"HUMAN_OBSERVATION","900425123-7","Mamiferos","MM-301",NA,NA,NA,"CC_BY_NC_4_0","Corporación para la Gestión Ambiental Biodiversa","Alex Cortés | Andrea Borrero | Martha Silva Velasco | Reisa Valencia Daza",NA,NA,2020-02-10 11:18:55,NA,"COORDINATE_ROUNDED"
"47",1639428812,"3546c1aa-a3e2-4888-870f-b246cd0971ed","BIODIVERSA-ACODAL:2014-MM-478","Animalia","Chordata","Mammalia","Carnivora","Felidae","Leopardus","Leopardus wiedii",NA,"SPECIES","Leopardus wiedii (Schinz, 1821)","Leopardus wiedii (Schinz, 1821)",NA,"CO","Corregimiento Playa Rica, Vereda Guayaquil, predio Camellones 4","Valle Del Cauca",NA,1,"acdeb4a9-78c7-423b-bb21-fb5c4e515854",4.718994,-76.213731,NA,NA,1793.5,136.5,NA,NA,2014-10-01 00:00:00,NA,10,2014,2434950,2434950,"HUMAN_OBSERVATION","900425123-7","Mamiferos","MM-478",NA,NA,NA,"CC_BY_NC_4_0","Corporación para la Gestión Ambiental Biodiversa","Alex Cortés | Andrea Borrero | Martha Silva Velasco | Reisa Valencia Daza",NA,NA,2020-02-10 11:18:55,NA,"COORDINATE_ROUNDED"
"48",1639428811,"3546c1aa-a3e2-4888-870f-b246cd0971ed","BIODIVERSA-ACODAL:2014-MM-944","Animalia","Chordata","Mammalia","Carnivora","Felidae","Leopardus","Leopardus wiedii",NA,"SPECIES","Leopardus wiedii (Schinz, 1821)","Leopardus wiedii (Schinz, 1821)",NA,"CO","Corregimiento El Bosque, Vereda La Argelia, predio El Edén","Valle del Cauca",NA,1,"acdeb4a9-78c7-423b-bb21-fb5c4e515854",3.9902,-76.404503,NA,NA,1754.5,35.5,NA,NA,2014-08-20 00:00:00,20,8,2014,2434950,2434950,"HUMAN_OBSERVATION","900425123-7","Mamiferos","MM-944",NA,NA,NA,"CC_BY_NC_4_0","Corporación para la Gestión Ambiental Biodiversa","Alex Cortés | Andrea Borrero | Martha Silva Velasco | Reisa Valencia Daza",NA,NA,2020-02-10 11:18:55,NA,"COORDINATE_ROUNDED"
"49",1639428807,"3546c1aa-a3e2-4888-870f-b246cd0971ed","BIODIVERSA-ACODAL:2014-MM-517","Animalia","Chordata","Mammalia","Carnivora","Felidae","Leopardus","Leopardus wiedii",NA,"SPECIES","Leopardus wiedii (Schinz, 1821)","Leopardus wiedii (Schinz, 1821)",NA,"CO","Corregimiento Playa Rica, Vereda Guadualito, predio Buenavista zona forestal","Valle Del Cauca",NA,1,"acdeb4a9-78c7-423b-bb21-fb5c4e515854",4.710489,-76.249672,NA,NA,2076,186,NA,NA,2014-10-01 00:00:00,NA,10,2014,2434950,2434950,"HUMAN_OBSERVATION","900425123-7","Mamiferos","MM-517",NA,NA,NA,"CC_BY_NC_4_0","Corporación para la Gestión Ambiental Biodiversa","Alex Cortés | Andrea Borrero | Martha Silva Velasco | Reisa Valencia Daza",NA,NA,2020-02-10 11:18:55,NA,"COORDINATE_ROUNDED"
"50",1639428803,"3546c1aa-a3e2-4888-870f-b246cd0971ed","BIODIVERSA-ACODAL:2014-MM-024","Animalia","Chordata","Mammalia","Carnivora","Felidae","Leopardus","Leopardus wiedii",NA,"SPECIES","Leopardus wiedii (Schinz, 1821)","Leopardus wiedii (Schinz, 1821)",NA,"CO","Corregimiento Catarina-El Embal, Zona rural municipio El Águila, paraje Montebello, Vereda El Embal, predio La Sonora","Valle Del Cauca",NA,1,"acdeb4a9-78c7-423b-bb21-fb5c4e515854",4.845017,-76.131647,NA,NA,2100,300,NA,NA,2014-10-01 00:00:00,NA,10,2014,2434950,2434950,"HUMAN_OBSERVATION","900425123-7","Mamiferos","MM-024",NA,NA,NA,"CC_BY_NC_4_0","Corporación para la Gestión Ambiental Biodiversa","Alex Cortés | Andrea Borrero | Martha Silva Velasco | Reisa Valencia Daza",NA,NA,2020-02-10 11:18:55,NA,"COORDINATE_ROUNDED"
"51",1639428798,"3546c1aa-a3e2-4888-870f-b246cd0971ed","BIODIVERSA-ACODAL:2014-MM-135","Animalia","Chordata","Mammalia","Carnivora","Felidae","Leopardus","Leopardus wiedii",NA,"SPECIES","Leopardus wiedii (Schinz, 1821)","Leopardus wiedii (Schinz, 1821)",NA,"CO","Vereda Maracaibo, predio La Primavera","Valle Del Cauca",NA,1,"acdeb4a9-78c7-423b-bb21-fb5c4e515854",4.685022,-76.153864,NA,NA,1570,70,NA,NA,2014-11-01 00:00:00,NA,11,2014,2434950,2434950,"HUMAN_OBSERVATION","900425123-7","Mamiferos","MM-135",NA,NA,NA,"CC_BY_NC_4_0","Corporación para la Gestión Ambiental Biodiversa","Alex Cortés | Andrea Borrero | Martha Silva Velasco | Reisa Valencia Daza",NA,NA,2020-02-10 11:18:55,NA,"COORDINATE_ROUNDED"
"52",1639428797,"3546c1aa-a3e2-4888-870f-b246cd0971ed","BIODIVERSA-ACODAL:2014-MM-095","Animalia","Chordata","Mammalia","Carnivora","Felidae","Leopardus","Leopardus wiedii",NA,"SPECIES","Leopardus wiedii (Schinz, 1821)","Leopardus wiedii (Schinz, 1821)",NA,"CO","Corregimiento Lucitania, Vereda Real Placer, Predio El Topacio","Valle Del Cauca",NA,1,"acdeb4a9-78c7-423b-bb21-fb5c4e515854",4.783331,-76.033369,NA,NA,1600,0,NA,NA,2014-10-01 00:00:00,NA,10,2014,2434950,2434950,"HUMAN_OBSERVATION","900425123-7","Mamiferos","MM-095",NA,NA,NA,"CC_BY_NC_4_0","Corporación para la Gestión Ambiental Biodiversa","Alex Cortés | Andrea Borrero | Martha Silva Velasco | Reisa Valencia Daza",NA,NA,2020-02-10 11:18:55,NA,"COORDINATE_ROUNDED"
"53",1639428796,"3546c1aa-a3e2-4888-870f-b246cd0971ed","BIODIVERSA-ACODAL:2014-MM-049","Animalia","Chordata","Mammalia","Carnivora","Felidae","Leopardus","Leopardus wiedii",NA,"SPECIES","Leopardus wiedii (Schinz, 1821)","Leopardus wiedii (Schinz, 1821)",NA,"CO","Corregimiento Quebrada Grande-La María, Zona rural municipio El Águila, Vereda La Palma, Predio La Palma","Valle Del Cauca",NA,1,"acdeb4a9-78c7-423b-bb21-fb5c4e515854",4.890375,-76.036314,NA,NA,1700,0,NA,NA,2014-10-01 00:00:00,NA,10,2014,2434950,2434950,"HUMAN_OBSERVATION","900425123-7","Mamiferos","MM-049",NA,NA,NA,"CC_BY_NC_4_0","Corporación para la Gestión Ambiental Biodiversa","Alex Cortés | Andrea Borrero | Martha Silva Velasco | Reisa Valencia Daza",NA,NA,2020-02-10 11:18:55,NA,"COORDINATE_ROUNDED"
"54",1639428784,"3546c1aa-a3e2-4888-870f-b246cd0971ed","BIODIVERSA-ACODAL:2014-MM-491","Animalia","Chordata","Mammalia","Carnivora","Felidae","Leopardus","Leopardus wiedii",NA,"SPECIES","Leopardus wiedii (Schinz, 1821)","Leopardus wiedii (Schinz, 1821)",NA,"CO","Corregimiento La Guardia - Corregimiento Playa Rica, Vereda Camellones - Vereda Guadualito, predio Camellones 2 (Cielo Bonito)","Valle Del Cauca",NA,1,"acdeb4a9-78c7-423b-bb21-fb5c4e515854",4.711517,-76.208258,NA,NA,1835,185,NA,NA,2014-10-01 00:00:00,NA,10,2014,2434950,2434950,"HUMAN_OBSERVATION","900425123-7","Mamiferos","MM-491",NA,NA,NA,"CC_BY_NC_4_0","Corporación para la Gestión Ambiental Biodiversa","Alex Cortés | Andrea Borrero | Martha Silva Velasco | Reisa Valencia Daza",NA,NA,2020-02-10 11:18:55,NA,"COORDINATE_ROUNDED"
"55",1639428781,"3546c1aa-a3e2-4888-870f-b246cd0971ed","BIODIVERSA-ACODAL:2014-MM-316","Animalia","Chordata","Mammalia","Carnivora","Felidae","Leopardus","Leopardus wiedii",NA,"SPECIES","Leopardus wiedii (Schinz, 1821)","Leopardus wiedii (Schinz, 1821)",NA,"CO","Corregimiento Los Andes, predio El Danubio","Valle Del Cauca",NA,1,"acdeb4a9-78c7-423b-bb21-fb5c4e515854",3.411775,-76.654678,NA,NA,2250,150,NA,NA,2014-08-01 00:00:00,NA,8,2014,2434950,2434950,"HUMAN_OBSERVATION","900425123-7","Mamiferos","MM-316",NA,NA,NA,"CC_BY_NC_4_0","Corporación para la Gestión Ambiental Biodiversa","Alex Cortés | Andrea Borrero | Martha Silva Velasco | Reisa Valencia Daza",NA,NA,2020-02-10 11:18:55,NA,"COORDINATE_ROUNDED"
"56",1639428776,"3546c1aa-a3e2-4888-870f-b246cd0971ed","BIODIVERSA-ACODAL:2014-MM-286","Animalia","Chordata","Mammalia","Carnivora","Felidae","Leopardus","Leopardus wiedii",NA,"SPECIES","Leopardus wiedii (Schinz, 1821)","Leopardus wiedii (Schinz, 1821)",NA,"CO","Corregimiento Los Andes, predio La Yolanda","Valle Del Cauca",NA,1,"acdeb4a9-78c7-423b-bb21-fb5c4e515854",3.417511,-76.62685,NA,NA,2100,500,NA,NA,2014-08-01 00:00:00,NA,8,2014,2434950,2434950,"HUMAN_OBSERVATION","900425123-7","Mamiferos","MM-286",NA,NA,NA,"CC_BY_NC_4_0","Corporación para la Gestión Ambiental Biodiversa","Alex Cortés | Andrea Borrero | Martha Silva Velasco | Reisa Valencia Daza",NA,NA,2020-02-10 11:18:55,NA,"COORDINATE_ROUNDED"
"57",1639428770,"3546c1aa-a3e2-4888-870f-b246cd0971ed","BIODIVERSA-ACODAL:2014-MM-504","Animalia","Chordata","Mammalia","Carnivora","Felidae","Leopardus","Leopardus wiedii",NA,"SPECIES","Leopardus wiedii (Schinz, 1821)","Leopardus wiedii (Schinz, 1821)",NA,"CO","Corregimiento Playa Rica, Vereda Guadualito, predio Las Gaviotas","Valle Del Cauca",NA,1,"acdeb4a9-78c7-423b-bb21-fb5c4e515854",4.711383,-76.213192,NA,NA,1780,50,NA,NA,2014-10-01 00:00:00,NA,10,2014,2434950,2434950,"HUMAN_OBSERVATION","900425123-7","Mamiferos","MM-504",NA,NA,NA,"CC_BY_NC_4_0","Corporación para la Gestión Ambiental Biodiversa","Alex Cortés | Andrea Borrero | Martha Silva Velasco | Reisa Valencia Daza",NA,NA,2020-02-10 11:18:55,NA,"COORDINATE_ROUNDED"
"58",1638729738,"bdb3951b-1b8a-446d-8820-22ce0a2ea380","WCSColombia:2015_PNN_SSL:CTC1800:0164","Animalia","Chordata","Mammalia","Carnivora","Felidae","Leopardus","Leopardus wiedii",NA,"SPECIES","Leopardus wiedii (Schinz, 1821)","Leopardus wiedii Schinz, 1821","Schinz, 1821","CO",NA,"Bolívar",NA,1,"ab13adb9-ce23-444d-87c9-ce41f03ef2b3",7.68114,-74.313752,NA,NA,1106.5,473.5,NA,NA,2015-08-20 00:00:00,20,8,2015,2434950,2434950,"MACHINE_OBSERVATION","WCS Colombia",NA,NA,"CTC1800:0164","William Yezid Bonell Rojas",2015-08-20 00:00:00,"CC_BY_NC_4_0",NA,"William Yezid Bonell Rojas",NA,NA,2020-02-10 11:18:58,NA,"COORDINATE_ROUNDED"
"59",1638729699,"bdb3951b-1b8a-446d-8820-22ce0a2ea380","WCSColombia:2015_PNN_SSL:CTC1800:0220","Animalia","Chordata","Mammalia","Carnivora","Felidae","Leopardus","Leopardus wiedii",NA,"SPECIES","Leopardus wiedii (Schinz, 1821)","Leopardus wiedii Schinz, 1821","Schinz, 1821","CO",NA,"Bolívar",NA,1,"ab13adb9-ce23-444d-87c9-ce41f03ef2b3",7.684222,-74.327028,NA,NA,1106.5,473.5,NA,NA,2015-08-28 00:00:00,28,8,2015,2434950,2434950,"MACHINE_OBSERVATION","WCS Colombia",NA,NA,"CTC1800:0220","William Yezid Bonell Rojas",2015-08-28 00:00:00,"CC_BY_NC_4_0",NA,"William Yezid Bonell Rojas",NA,NA,2020-02-10 11:18:58,NA,"COORDINATE_ROUNDED"
"60",1632926038,"10327926-1f42-44fa-8cf0-846d70b7533b","IIAP_JÁNANO_Mamma_25","Animalia","Chordata","Mammalia","Carnivora","Felidae","Leopardus","Leopardus wiedii",NA,"SPECIES","Leopardus wiedii (Schinz, 1821)","Leopardus wiedii","""""""(Schinz, 1821)""""""","CO","Corregimiento de Arusí","Chocó",NA,NA,"e1050db2-9faf-4d72-b860-295debaf9d2a",5.6805,-77.248056,NA,NA,600,0,NA,NA,2013-06-01 00:00:00,1,6,2013,2434950,2434950,"HUMAN_OBSERVATION","IIAP",NA,NA,NA,NA,NA,"CC_BY_NC_4_0",NA,"Cuesta R.E.",NA,NA,2020-02-10 11:19:18,NA,"COORDINATE_ROUNDED"
"61",1319658568,"821cc27a-e3bb-4bc5-ac34-89ada245069d","http://n2t.net/ark:/65665/36ca04efa-efba-4433-bec6-26c4f81eecf9","Animalia","Chordata","Mammalia","Carnivora","Felidae","Leopardus","Leopardus wiedii","pirrensis","SUBSPECIES","Leopardus wiedii pirrensis (Goldman, 1914)","Leopardus wiedii pirrensis",NA,"CO","Garagoa","Boyaca",NA,1,"bc092ff0-02e4-11dc-991f-b8a03c50a862",5.08,-73.35,NA,NA,NA,NA,NA,NA,NA,NA,NA,NA,6164528,2434950,"PRESERVED_SPECIMEN","USNM","Mammals","544426","10",NA,NA,"CC0_1_0",NA,"Nicefero Maria, (Brother)",NA,NA,2020-04-26 21:39:24,"StillImage","GEODETIC_DATUM_ASSUMED_WGS84"
"62",1092879521,"50c9509d-22c7-4a22-a47d-8c48425ef4a7","http://www.inaturalist.org/observations/1487505","Animalia","Chordata","Mammalia","Carnivora","Felidae","Leopardus","Leopardus wiedii",NA,"SPECIES","Leopardus wiedii (Schinz, 1821)","Leopardus wiedii",NA,"EC",NA,"Manabi",NA,NA,"28eb1a3f-1c15-4a95-931a-4af90ecb574d",-1.717801,-80.645781,31444,NA,NA,NA,NA,NA,2015-05-09 00:00:00,9,5,2015,2434950,2434950,"HUMAN_OBSERVATION","iNaturalist","Observations","1487505",NA,NA,2015-05-14 14:13:21,"CC_BY_NC_4_0","Fauna of Manabi","Fauna of Manabi",NA,NA,2020-05-15 09:47:13,"StillImage","COORDINATE_ROUNDED;GEODETIC_DATUM_ASSUMED_WGS84"
"63",1088920953,"50c9509d-22c7-4a22-a47d-8c48425ef4a7","http://www.inaturalist.org/observations/1299095","Animalia","Chordata","Mammalia","Carnivora","Felidae","Leopardus","Leopardus wiedii",NA,"SPECIES","Leopardus wiedii (Schinz, 1821)","Leopardus wiedii",NA,"EC",NA,"Manabi",NA,NA,"28eb1a3f-1c15-4a95-931a-4af90ecb574d",-1.492763,-80.735254,31446,NA,NA,NA,NA,NA,2015-03-01 00:00:00,1,3,2015,2434950,2434950,"HUMAN_OBSERVATION","iNaturalist","Observations","1299095",NA,NA,2015-03-17 15:55:22,"CC_BY_NC_4_0","Fauna of Manabi","Fauna of Manabi",NA,NA,2020-05-15 09:47:04,"StillImage","COORDINATE_ROUNDED;GEODETIC_DATUM_ASSUMED_WGS84"
"64",1065605231,"50c9509d-22c7-4a22-a47d-8c48425ef4a7","http://www.inaturalist.org/observations/1214222","Animalia","Chordata","Mammalia","Carnivora","Felidae","Leopardus","Leopardus wiedii",NA,"SPECIES","Leopardus wiedii (Schinz, 1821)","Leopardus wiedii",NA,"EC",NA,"Manabi",NA,NA,"28eb1a3f-1c15-4a95-931a-4af90ecb574d",-1.093045,-80.854273,31448,NA,NA,NA,NA,NA,2014-12-09 00:00:00,9,12,2014,2434950,2434950,"HUMAN_OBSERVATION","iNaturalist","Observations","1214222",NA,NA,2015-02-05 19:53:45,"CC_BY_NC_4_0","Fauna of Manabi","Fauna of Manabi",NA,NA,2020-05-15 09:47:47,"StillImage","COORDINATE_ROUNDED;GEODETIC_DATUM_ASSUMED_WGS84"
"65",1065584331,"50c9509d-22c7-4a22-a47d-8c48425ef4a7","http://www.inaturalist.org/observations/1126646","Animalia","Chordata","Mammalia","Carnivora","Felidae","Leopardus","Leopardus wiedii",NA,"SPECIES","Leopardus wiedii (Schinz, 1821)","Leopardus wiedii",NA,"EC",NA,"Manabi",NA,NA,"28eb1a3f-1c15-4a95-931a-4af90ecb574d",-1.044808,-80.967419,31448,NA,NA,NA,NA,NA,2014-10-15 00:00:00,15,10,2014,2434950,2434950,"HUMAN_OBSERVATION","iNaturalist","Observations","1126646",NA,NA,2014-12-11 15:42:02,"CC_BY_NC_4_0","Fauna of Manabi","Fauna of Manabi",NA,NA,2020-05-15 09:47:41,"StillImage","COORDINATE_ROUNDED;GEODETIC_DATUM_ASSUMED_WGS84"
"66",1065584327,"50c9509d-22c7-4a22-a47d-8c48425ef4a7","http://www.inaturalist.org/observations/1126636","Animalia","Chordata","Mammalia","Carnivora","Felidae","Leopardus","Leopardus wiedii",NA,"SPECIES","Leopardus wiedii (Schinz, 1821)","Leopardus wiedii",NA,"EC",NA,"Manabi",NA,NA,"28eb1a3f-1c15-4a95-931a-4af90ecb574d",-1.035501,-80.976043,31448,NA,NA,NA,NA,NA,2014-10-25 00:00:00,25,10,2014,2434950,2434950,"HUMAN_OBSERVATION","iNaturalist","Observations","1126636",NA,NA,2014-12-11 15:28:40,"CC_BY_NC_4_0","Fauna of Manabi","Fauna of Manabi",NA,NA,2020-05-15 09:47:28,"StillImage","COORDINATE_ROUNDED;GEODETIC_DATUM_ASSUMED_WGS84"
"67",1038341268,"50c9509d-22c7-4a22-a47d-8c48425ef4a7","http://www.inaturalist.org/observations/1040475","Animalia","Chordata","Mammalia","Carnivora","Felidae","Leopardus","Leopardus wiedii",NA,"SPECIES","Leopardus wiedii (Schinz, 1821)","Leopardus wiedii",NA,"EC",NA,"Manabi",NA,NA,"28eb1a3f-1c15-4a95-931a-4af90ecb574d",-1.537027,-80.752276,218842,NA,NA,NA,NA,NA,2014-08-16 00:00:00,16,8,2014,2434950,2434950,"HUMAN_OBSERVATION","iNaturalist","Observations","1040475",NA,NA,2014-10-27 14:28:29,"CC_BY_NC_4_0","Fauna of Manabi","Fauna of Manabi",NA,NA,2020-05-15 09:47:45,"StillImage","COORDINATE_ROUNDED;GEODETIC_DATUM_ASSUMED_WGS84"
"68",1020747103,"83964202-07d9-4a27-8391-975144bcc1da","UIS:UIS-MHN:UIS-MHN-M-0812","Animalia","Chordata","Mammalia","Carnivora","Felidae","Leopardus","Leopardus wiedii",NA,"SPECIES","Leopardus wiedii (Schinz, 1821)","Leopardus wiedii","Schinz, 1821","CO",NA,NA,NA,1,"6c147991-c3bf-453d-a778-3bea9a534804",4.26686,-72.994631,997594,NA,NA,NA,NA,NA,NA,NA,NA,NA,2434950,2434950,"PRESERVED_SPECIMEN","Universidad Industrial de Santander (UIS)","MHN-UIS","UIS-MHN-M-0812",NA,NA,NA,"CC_BY_NC_4_0","Universidad Industrial de Santander",NA,NA,NA,2020-02-10 11:58:08,NA,"COORDINATE_ROUNDED"
"69",1020746957,"83964202-07d9-4a27-8391-975144bcc1da","UIS:UIS-MHN:UIS-MHN-M-0694","Animalia","Chordata","Mammalia","Carnivora","Felidae","Leopardus","Leopardus wiedii",NA,"SPECIES","Leopardus wiedii (Schinz, 1821)","Leopardus wiedii","Schinz, 1821","CO",NA,NA,NA,1,"6c147991-c3bf-453d-a778-3bea9a534804",4.26686,-72.994631,997594,NA,NA,NA,NA,NA,NA,NA,NA,NA,2434950,2434950,"PRESERVED_SPECIMEN","Universidad Industrial de Santander (UIS)","MHN-UIS","UIS-MHN-M-0694",NA,NA,NA,"CC_BY_NC_4_0","Universidad Industrial de Santander",NA,NA,NA,2020-02-10 11:58:08,NA,"COORDINATE_ROUNDED"
"70",1020746399,"83964202-07d9-4a27-8391-975144bcc1da","UIS:UIS-MHN:UIS-MHN-M-0124","Animalia","Chordata","Mammalia","Carnivora","Felidae","Leopardus","Leopardus wiedii",NA,"SPECIES","Leopardus wiedii (Schinz, 1821)","Leopardus wiedii","Gray, 1842","CO","Llano grande, Sabana de Torres, Santander","Santander",NA,1,"6c147991-c3bf-453d-a778-3bea9a534804",7.437137,-73.591388,26227.17,NA,NA,NA,NA,NA,1972-11-09 00:00:00,9,11,1972,2434950,2434950,"PRESERVED_SPECIMEN","Universidad Industrial de Santander (UIS)","MHN-UIS","UIS-MHN-M-0124","SV 124",NA,NA,"CC_BY_NC_4_0","Universidad Industrial de Santander","Silvio Vergara",NA,NA,2020-02-10 11:58:08,NA,"COORDINATE_ROUNDED"
"71",919451797,"22a66350-7947-4a49-84a3-39c7c1b0881f","urn:catalog:MSU:MR:MR.14597","Animalia","Chordata","Mammalia","Carnivora","Felidae","Leopardus","Leopardus wiedii","pirrensis","SUBSPECIES","Felis wiedii pirrensis Goldman, 1914","Felis wiedii pirrensis",NA,"EC","Chila","Manabí","present",NA,"311e2740-f15a-11d8-b22f-b8a03c50a862",-0.117,-80.067,5257,NA,NA,NA,NA,NA,1967-01-11 00:00:00,11,1,1967,6164529,2434950,"PRESERVED_SPECIMEN","MSU","MR","MR.14597",NA,NA,NA,"CC0_1_0",NA,"Senora Blanca Teran",NA,"NATIVE",2020-02-10 12:00:50,NA,NA
"72",919451718,"22a66350-7947-4a49-84a3-39c7c1b0881f","urn:catalog:MSU:MR:MR.14409","Animalia","Chordata","Mammalia","Carnivora","Felidae","Leopardus","Leopardus wiedii","pirrensis","SUBSPECIES","Felis wiedii pirrensis Goldman, 1914","Felis wiedii pirrensis",NA,"EC","Atacames","Esmeraldas","present",NA,"311e2740-f15a-11d8-b22f-b8a03c50a862",0.867,-79.85,3057,NA,NA,NA,NA,NA,1966-06-01 00:00:00,1,6,1966,6164529,2434950,"PRESERVED_SPECIMEN","MSU","MR","MR.14409",NA,NA,NA,"CC0_1_0",NA,"Senora Blanca Teran",NA,"NATIVE",2020-02-10 12:00:50,NA,NA
"73",919449652,"22a66350-7947-4a49-84a3-39c7c1b0881f","urn:catalog:MSU:MR:MR.14603","Animalia","Chordata","Mammalia","Carnivora","Felidae","Leopardus","Leopardus wiedii","pirrensis","SUBSPECIES","Felis wiedii pirrensis Goldman, 1914","Felis wiedii pirrensis",NA,"EC","Rio Blanca","Esmeraldas","present",NA,"311e2740-f15a-11d8-b22f-b8a03c50a862",0.30768,-78.457,9115,NA,NA,NA,NA,NA,1967-05-25 00:00:00,25,5,1967,6164529,2434950,"PRESERVED_SPECIMEN","MSU","MR","MR.14603",NA,NA,NA,"CC0_1_0",NA,"Senora Blanca Teran",NA,"NATIVE",2020-02-10 12:00:49,NA,NA
"74",919445932,"22a66350-7947-4a49-84a3-39c7c1b0881f","urn:catalog:MSU:MR:MR.14599","Animalia","Chordata","Mammalia","Carnivora","Felidae","Leopardus","Leopardus wiedii","pirrensis","SUBSPECIES","Felis wiedii pirrensis Goldman, 1914","Felis wiedii pirrensis",NA,"EC","Rio Cayopa","Esmeraldas","present",NA,"311e2740-f15a-11d8-b22f-b8a03c50a862",0.09048,-79,22115,NA,NA,NA,NA,NA,1967-08-25 00:00:00,25,8,1967,6164529,2434950,"PRESERVED_SPECIMEN","MSU","MR","MR.14599",NA,NA,NA,"CC0_1_0",NA,"Senora Blanca Teran",NA,"NATIVE",2020-02-10 12:00:49,NA,NA
"75",919445927,"22a66350-7947-4a49-84a3-39c7c1b0881f","urn:catalog:MSU:MR:MR.14609","Animalia","Chordata","Mammalia","Carnivora","Felidae","Leopardus","Leopardus wiedii","pirrensis","SUBSPECIES","Felis wiedii pirrensis Goldman, 1914","Felis wiedii pirrensis",NA,"EC","Esmeraldas","Esmeraldas","present",NA,"311e2740-f15a-11d8-b22f-b8a03c50a862",0.9833,-79.7,3615,NA,NA,NA,NA,NA,1966-04-01 00:00:00,1,4,1966,6164529,2434950,"PRESERVED_SPECIMEN","MSU","MR","MR.14609",NA,NA,NA,"CC0_1_0",NA,"Senora Blanca Teran",NA,"NATIVE",2020-02-10 12:00:49,NA,NA
"76",919445170,"22a66350-7947-4a49-84a3-39c7c1b0881f","urn:catalog:MSU:MR:MR.14589","Animalia","Chordata","Mammalia","Carnivora","Felidae","Leopardus","Leopardus wiedii","pirrensis","SUBSPECIES","Felis wiedii pirrensis Goldman, 1914","Felis wiedii pirrensis",NA,"EC","Rio Cayopa","Esmeraldas","present",NA,"311e2740-f15a-11d8-b22f-b8a03c50a862",0.09048,-79,22115,NA,NA,NA,NA,NA,1967-07-11 00:00:00,11,7,1967,6164529,2434950,"PRESERVED_SPECIMEN","MSU","MR","MR.14589",NA,NA,NA,"CC0_1_0",NA,"Senora Blanca Teran",NA,"NATIVE",2020-02-10 12:00:49,NA,NA
"77",919443874,"22a66350-7947-4a49-84a3-39c7c1b0881f","urn:catalog:MSU:MR:MR.8612","Animalia","Chordata","Mammalia","Carnivora","Felidae","Leopardus","Leopardus wiedii","pirrensis","SUBSPECIES","Felis wiedii pirrensis Goldman, 1914","Felis wiedii pirrensis",NA,"EC","Montanas de Cupa","Esmeraldas","present",NA,"311e2740-f15a-11d8-b22f-b8a03c50a862",0.39638,-79.47747,14615,NA,NA,NA,NA,NA,1963-08-05 00:00:00,5,8,1963,6164529,2434950,"PRESERVED_SPECIMEN","MSU","MR","MR.8612","64",NA,NA,"CC0_1_0",NA,"Charles M. Fugler",NA,"NATIVE",2020-02-10 12:00:46,NA,NA
"78",919443640,"22a66350-7947-4a49-84a3-39c7c1b0881f","urn:catalog:MSU:MR:MR.12210","Animalia","Chordata","Mammalia","Carnivora","Felidae","Leopardus","Leopardus wiedii","pirrensis","SUBSPECIES","Felis wiedii pirrensis Goldman, 1914","Felis wiedii pirrensis",NA,"EC","Quininde","Manabí","present",NA,"311e2740-f15a-11d8-b22f-b8a03c50a862",0.333,-79.467,11657,NA,NA,NA,NA,NA,1965-09-12 00:00:00,12,9,1965,6164529,2434950,"PRESERVED_SPECIMEN","MSU","MR","MR.12210",NA,NA,NA,"CC0_1_0",NA,"Senora Blanca Teran",NA,"NATIVE",2020-02-10 12:00:46,NA,NA
"79",919443607,"22a66350-7947-4a49-84a3-39c7c1b0881f","urn:catalog:MSU:MR:MR.12209","Animalia","Chordata","Mammalia","Carnivora","Felidae","Leopardus","Leopardus wiedii","pirrensis","SUBSPECIES","Felis wiedii pirrensis Goldman, 1914","Felis wiedii pirrensis",NA,"EC","Rio Quininde","Manabí","present",NA,"311e2740-f15a-11d8-b22f-b8a03c50a862",-0.26233,-79.71041,28115,NA,NA,NA,NA,NA,1964-07-08 00:00:00,8,7,1964,6164529,2434950,"PRESERVED_SPECIMEN","MSU","MR","MR.12209",NA,NA,NA,"CC0_1_0",NA,"Senora Blanca Teran",NA,"NATIVE",2020-02-10 12:00:46,NA,NA
"80",919443140,"22a66350-7947-4a49-84a3-39c7c1b0881f","urn:catalog:MSU:MR:MR.14608","Animalia","Chordata","Mammalia","Carnivora","Felidae","Leopardus","Leopardus wiedii","pirrensis","SUBSPECIES","Felis wiedii pirrensis Goldman, 1914","Felis wiedii pirrensis",NA,"EC","Bua","Esmeraldas","present",NA,"311e2740-f15a-11d8-b22f-b8a03c50a862",0.04977,-79.56108,7615,NA,NA,NA,NA,NA,1967-03-03 00:00:00,3,3,1967,6164529,2434950,"PRESERVED_SPECIMEN","MSU","MR","MR.14608",NA,NA,NA,"CC0_1_0",NA,"Senora Blanca Teran",NA,"NATIVE",2020-02-10 12:00:46,NA,NA
"81",919441185,"22a66350-7947-4a49-84a3-39c7c1b0881f","urn:catalog:MSU:MR:MR.14727","Animalia","Chordata","Mammalia","Carnivora","Felidae","Leopardus","Leopardus wiedii","pirrensis","SUBSPECIES","Felis wiedii pirrensis Goldman, 1914","Felis wiedii pirrensis",NA,"EC","Santo Domingo","Pichincha","present",NA,"311e2740-f15a-11d8-b22f-b8a03c50a862",-0.25,-79.15,6115,NA,NA,NA,NA,NA,1967-10-02 00:00:00,2,10,1967,6164529,2434950,"PRESERVED_SPECIMEN","MSU","MR","MR.14727",NA,NA,NA,"CC0_1_0",NA,"Senora Blanca Teran",NA,"NATIVE",2020-02-10 12:00:50,NA,NA
"82",919440646,"22a66350-7947-4a49-84a3-39c7c1b0881f","urn:catalog:MSU:MR:MR.8471","Animalia","Chordata","Mammalia","Carnivora","Felidae","Leopardus","Leopardus wiedii","pirrensis","SUBSPECIES","Felis wiedii pirrensis Goldman, 1914","Felis wiedii pirrensis",NA,"EC","Las Montanas de Cole","Esmeraldas","present",NA,"311e2740-f15a-11d8-b22f-b8a03c50a862",0.4667,-79.3833,12615,NA,NA,NA,NA,NA,1963-01-01 00:00:00,NA,NA,1963,6164529,2434950,"PRESERVED_SPECIMEN","MSU","MR","MR.8471",NA,NA,NA,"CC0_1_0",NA,"Senora Blanca Teran",NA,"NATIVE",2020-02-10 12:00:48,NA,NA
"83",919439929,"22a66350-7947-4a49-84a3-39c7c1b0881f","urn:catalog:MSU:MR:MR.14606","Animalia","Chordata","Mammalia","Carnivora","Felidae","Leopardus","Leopardus wiedii","pirrensis","SUBSPECIES","Felis wiedii pirrensis Goldman, 1914","Felis wiedii pirrensis",NA,"EC","Bua","Esmeraldas","present",NA,"311e2740-f15a-11d8-b22f-b8a03c50a862",0.04977,-79.56108,7615,NA,NA,NA,NA,NA,1966-02-20 00:00:00,20,2,1966,6164529,2434950,"PRESERVED_SPECIMEN","MSU","MR","MR.14606",NA,NA,NA,"CC0_1_0",NA,"Senora Blanca Teran",NA,"NATIVE",2020-02-10 12:00:48,NA,NA
"84",919439928,"22a66350-7947-4a49-84a3-39c7c1b0881f","urn:catalog:MSU:MR:MR.14596","Animalia","Chordata","Mammalia","Carnivora","Felidae","Leopardus","Leopardus wiedii","pirrensis","SUBSPECIES","Felis wiedii pirrensis Goldman, 1914","Felis wiedii pirrensis",NA,"EC","Chila","Manabí","present",NA,"311e2740-f15a-11d8-b22f-b8a03c50a862",-0.117,-80.067,5257,NA,NA,NA,NA,NA,1967-04-12 00:00:00,12,4,1967,6164529,2434950,"PRESERVED_SPECIMEN","MSU","MR","MR.14596",NA,NA,NA,"CC0_1_0",NA,"Senora Blanca Teran",NA,"NATIVE",2020-02-10 12:00:48,NA,NA
"85",919439395,"22a66350-7947-4a49-84a3-39c7c1b0881f","urn:catalog:MSU:MR:MR.14574","Animalia","Chordata","Mammalia","Carnivora","Felidae","Leopardus","Leopardus wiedii","pirrensis","SUBSPECIES","Felis wiedii pirrensis Goldman, 1914","Felis wiedii pirrensis",NA,"EC","Bua","Esmeraldas","present",NA,"311e2740-f15a-11d8-b22f-b8a03c50a862",0.04977,-79.56108,7615,NA,NA,NA,NA,NA,1966-05-07 00:00:00,7,5,1966,6164529,2434950,"PRESERVED_SPECIMEN","MSU","MR","MR.14574",NA,NA,NA,"CC0_1_0",NA,"Senora Blanca Teran",NA,"NATIVE",2020-02-10 12:00:48,NA,NA
"86",919437777,"22a66350-7947-4a49-84a3-39c7c1b0881f","urn:catalog:MSU:MR:MR.9389","Animalia","Chordata","Mammalia","Carnivora","Felidae","Leopardus","Leopardus wiedii","pirrensis","SUBSPECIES","Felis wiedii pirrensis Goldman, 1914","Felis wiedii pirrensis",NA,"EC","Timbre","Esmeraldas","present",NA,"311e2740-f15a-11d8-b22f-b8a03c50a862",0.95,-78.883,4857,NA,NA,NA,NA,NA,1963-12-25 00:00:00,25,12,1963,6164529,2434950,"PRESERVED_SPECIMEN","MSU","MR","MR.9389",NA,NA,NA,"CC0_1_0",NA,"Charles M. Fugler",NA,"NATIVE",2020-02-10 12:00:45,NA,NA
"87",919437768,"22a66350-7947-4a49-84a3-39c7c1b0881f","urn:catalog:MSU:MR:MR.9390","Animalia","Chordata","Mammalia","Carnivora","Felidae","Leopardus","Leopardus wiedii","pirrensis","SUBSPECIES","Felis wiedii pirrensis Goldman, 1914","Felis wiedii pirrensis",NA,"EC","Timbre","Esmeraldas","present",NA,"311e2740-f15a-11d8-b22f-b8a03c50a862",0.95,-78.883,4857,NA,NA,NA,NA,NA,1963-12-14 00:00:00,14,12,1963,6164529,2434950,"PRESERVED_SPECIMEN","MSU","MR","MR.9390",NA,NA,NA,"CC0_1_0",NA,"Charles M. Fugler",NA,"NATIVE",2020-02-10 12:00:45,NA,NA
"88",919436751,"22a66350-7947-4a49-84a3-39c7c1b0881f","urn:catalog:MSU:MR:MR.14387","Animalia","Chordata","Mammalia","Carnivora","Felidae","Leopardus","Leopardus wiedii","pirrensis","SUBSPECIES","Felis wiedii pirrensis Goldman, 1914","Felis wiedii pirrensis",NA,"EC","Rio Verde","Esmeraldas","present",NA,"311e2740-f15a-11d8-b22f-b8a03c50a862",1.067,-79.417,1757,NA,NA,NA,NA,NA,1966-02-28 00:00:00,28,2,1966,6164529,2434950,"PRESERVED_SPECIMEN","MSU","MR","MR.14387",NA,NA,NA,"CC0_1_0",NA,"Senora Blanca Teran",NA,"NATIVE",2020-02-10 12:00:51,NA,NA
"89",919436181,"22a66350-7947-4a49-84a3-39c7c1b0881f","urn:catalog:MSU:MR:MR.14422","Animalia","Chordata","Mammalia","Carnivora","Felidae","Leopardus","Leopardus wiedii","pirrensis","SUBSPECIES","Felis wiedii pirrensis Goldman, 1914","Felis wiedii pirrensis",NA,"EC","Santo Domingo","Pichincha","present",NA,"311e2740-f15a-11d8-b22f-b8a03c50a862",-0.25,-79.15,6115,NA,NA,NA,NA,NA,1966-03-20 00:00:00,20,3,1966,6164529,2434950,"PRESERVED_SPECIMEN","MSU","MR","MR.14422",NA,NA,NA,"CC0_1_0",NA,"Senora Blanca Teran",NA,"NATIVE",2020-02-10 12:00:50,NA,NA
"90",919435571,"22a66350-7947-4a49-84a3-39c7c1b0881f","urn:catalog:MSU:MR:MR.8472","Animalia","Chordata","Mammalia","Carnivora","Felidae","Leopardus","Leopardus wiedii","pirrensis","SUBSPECIES","Felis wiedii pirrensis Goldman, 1914","Felis wiedii pirrensis",NA,"EC","Las Montanas de Cole","Esmeraldas","present",NA,"311e2740-f15a-11d8-b22f-b8a03c50a862",0.4667,-79.3833,12615,NA,NA,NA,NA,NA,1963-01-01 00:00:00,NA,NA,1963,6164529,2434950,"PRESERVED_SPECIMEN","MSU","MR","MR.8472",NA,NA,NA,"CC0_1_0",NA,"Charles M. Fugler",NA,"NATIVE",2020-02-10 12:00:49,NA,NA
"91",919434889,"22a66350-7947-4a49-84a3-39c7c1b0881f","urn:catalog:MSU:MR:MR.8594","Animalia","Chordata","Mammalia","Carnivora","Felidae","Leopardus","Leopardus wiedii","pirrensis","SUBSPECIES","Felis wiedii pirrensis Goldman, 1914","Felis wiedii pirrensis",NA,"EC","Montanas de Mache","Esmeraldas","present",NA,"311e2740-f15a-11d8-b22f-b8a03c50a862",0.25,-79.8333,19615,NA,NA,NA,NA,NA,1963-08-08 00:00:00,8,8,1963,6164529,2434950,"PRESERVED_SPECIMEN","MSU","MR","MR.8594","12",NA,NA,"CC0_1_0",NA,"Charles M. Fugler",NA,"NATIVE",2020-02-10 12:00:47,NA,NA
"92",919434436,"22a66350-7947-4a49-84a3-39c7c1b0881f","urn:catalog:MSU:MR:MR.14394","Animalia","Chordata","Mammalia","Carnivora","Felidae","Leopardus","Leopardus wiedii","pirrensis","SUBSPECIES","Felis wiedii pirrensis Goldman, 1914","Felis wiedii pirrensis",NA,"EC","Guallabamba","Esmeraldas","present",NA,"311e2740-f15a-11d8-b22f-b8a03c50a862",0.45,-79.4,5365,NA,NA,NA,NA,NA,1967-03-20 00:00:00,20,3,1967,6164529,2434950,"PRESERVED_SPECIMEN","MSU","MR","MR.14394",NA,NA,NA,"CC0_1_0",NA,"Senora Blanca Teran",NA,"NATIVE",2020-02-10 12:00:47,NA,NA
"93",919430262,"22a66350-7947-4a49-84a3-39c7c1b0881f","urn:catalog:MSU:MR:MR.12155","Animalia","Chordata","Mammalia","Carnivora","Felidae","Leopardus","Leopardus wiedii","pirrensis","SUBSPECIES","Felis wiedii pirrensis Goldman, 1914","Felis wiedii pirrensis",NA,"EC","Bua","Esmeraldas","present",NA,"311e2740-f15a-11d8-b22f-b8a03c50a862",0.04977,-79.56108,7615,NA,NA,NA,NA,NA,1966-09-08 00:00:00,8,9,1966,6164529,2434950,"PRESERVED_SPECIMEN","MSU","MR","MR.12155",NA,NA,NA,"CC0_1_0",NA,"Senora Blanca Teran",NA,"NATIVE",2020-02-10 12:00:48,NA,NA
"94",919429194,"22a66350-7947-4a49-84a3-39c7c1b0881f","urn:catalog:MSU:MR:MR.14601","Animalia","Chordata","Mammalia","Carnivora","Felidae","Leopardus","Leopardus wiedii","pirrensis","SUBSPECIES","Felis wiedii pirrensis Goldman, 1914","Felis wiedii pirrensis",NA,"EC","Quininde","Manabí","present",NA,"311e2740-f15a-11d8-b22f-b8a03c50a862",0.333,-79.467,11657,NA,NA,NA,NA,NA,1967-01-22 00:00:00,22,1,1967,6164529,2434950,"PRESERVED_SPECIMEN","MSU","MR","MR.14601",NA,NA,NA,"CC0_1_0",NA,"Senora Blanca Teran",NA,"NATIVE",2020-02-10 12:00:47,NA,NA
"95",919429134,"22a66350-7947-4a49-84a3-39c7c1b0881f","urn:catalog:MSU:MR:MR.9391","Animalia","Chordata","Mammalia","Carnivora","Felidae","Leopardus","Leopardus wiedii","pirrensis","SUBSPECIES","Felis wiedii pirrensis Goldman, 1914","Felis wiedii pirrensis",NA,"EC","Panbula","Esmeraldas","present",NA,"311e2740-f15a-11d8-b22f-b8a03c50a862",0.70455,-79.24207,84115,NA,NA,NA,NA,NA,1963-08-18 00:00:00,18,8,1963,6164529,2434950,"PRESERVED_SPECIMEN","MSU","MR","MR.9391",NA,NA,NA,"CC0_1_0",NA,"Charles M. Fugler",NA,"NATIVE",2020-02-10 12:00:47,NA,NA
"96",919429093,"22a66350-7947-4a49-84a3-39c7c1b0881f","urn:catalog:MSU:MR:MR.14419","Animalia","Chordata","Mammalia","Carnivora","Felidae","Leopardus","Leopardus wiedii","pirrensis","SUBSPECIES","Felis wiedii pirrensis Goldman, 1914","Felis wiedii pirrensis",NA,"EC","Cupa","Esmeraldas","present",NA,"311e2740-f15a-11d8-b22f-b8a03c50a862",0.39638,-79.47747,14615,NA,NA,NA,NA,NA,1967-04-25 00:00:00,25,4,1967,6164529,2434950,"PRESERVED_SPECIMEN","MSU","MR","MR.14419",NA,NA,NA,"CC0_1_0",NA,"Senora Blanca Teran",NA,"NATIVE",2020-02-10 12:00:47,NA,NA
"97",919428346,"22a66350-7947-4a49-84a3-39c7c1b0881f","urn:catalog:MSU:MR:MR.12187","Animalia","Chordata","Mammalia","Carnivora","Felidae","Leopardus","Leopardus wiedii","pirrensis","SUBSPECIES","Felis wiedii pirrensis Goldman, 1914","Felis wiedii pirrensis",NA,"EC","Rio Verde","Esmeraldas","present",NA,"311e2740-f15a-11d8-b22f-b8a03c50a862",1.067,-79.417,1757,NA,NA,NA,NA,NA,1966-04-22 00:00:00,22,4,1966,6164529,2434950,"PRESERVED_SPECIMEN","MSU","MR","MR.12187",NA,NA,NA,"CC0_1_0",NA,"Senora Blanca Teran",NA,"NATIVE",2020-02-10 12:00:46,NA,NA
"98",919427475,"22a66350-7947-4a49-84a3-39c7c1b0881f","urn:catalog:MSU:MR:MR.12151","Animalia","Chordata","Mammalia","Carnivora","Felidae","Leopardus","Leopardus wiedii","pirrensis","SUBSPECIES","Felis wiedii pirrensis Goldman, 1914","Felis wiedii pirrensis",NA,"EC","Bua","Esmeraldas","present",NA,"311e2740-f15a-11d8-b22f-b8a03c50a862",0.04977,-79.56108,7615,NA,NA,NA,NA,NA,1966-02-07 00:00:00,7,2,1966,6164529,2434950,"PRESERVED_SPECIMEN","MSU","MR","MR.12151",NA,NA,NA,"CC0_1_0",NA,"Senora Blanca Teran",NA,"NATIVE",2020-02-10 12:00:52,NA,NA
"99",919427122,"22a66350-7947-4a49-84a3-39c7c1b0881f","urn:catalog:MSU:MR:MR.12138","Animalia","Chordata","Mammalia","Carnivora","Felidae","Leopardus","Leopardus wiedii","pirrensis","SUBSPECIES","Felis wiedii pirrensis Goldman, 1914","Felis wiedii pirrensis",NA,"EC","Santo Domingo de los Colorados","Pichincha","present",NA,"311e2740-f15a-11d8-b22f-b8a03c50a862",-0.25,-79.15,6115,NA,NA,NA,NA,NA,1966-07-02 00:00:00,2,7,1966,6164529,2434950,"PRESERVED_SPECIMEN","MSU","MR","MR.12138",NA,NA,NA,"CC0_1_0",NA,"Senora Blanca Teran",NA,"NATIVE",2020-02-10 12:00:52,NA,NA
"100",919426657,"22a66350-7947-4a49-84a3-39c7c1b0881f","urn:catalog:MSU:MR:MR.14408","Animalia","Chordata","Mammalia","Carnivora","Felidae","Leopardus","Leopardus wiedii","pirrensis","SUBSPECIES","Felis wiedii pirrensis Goldman, 1914","Felis wiedii pirrensis",NA,"EC","Atacames","Esmeraldas","present",NA,"311e2740-f15a-11d8-b22f-b8a03c50a862",0.867,-79.85,3057,NA,NA,NA,NA,NA,1965-04-16 00:00:00,16,4,1965,6164529,2434950,"PRESERVED_SPECIMEN","MSU","MR","MR.14408",NA,NA,NA,"CC0_1_0",NA,"Senora Blanca Teran",NA,"NATIVE",2020-02-10 12:00:50,NA,NA
"101",919425432,"22a66350-7947-4a49-84a3-39c7c1b0881f","urn:catalog:MSU:MR:MR.14385","Animalia","Chordata","Mammalia","Carnivora","Felidae","Leopardus","Leopardus wiedii","pirrensis","SUBSPECIES","Felis wiedii pirrensis Goldman, 1914","Felis wiedii pirrensis",NA,"EC","Rio Verde","Esmeraldas","present",NA,"311e2740-f15a-11d8-b22f-b8a03c50a862",1.067,-79.417,1757,NA,NA,NA,NA,NA,1967-07-20 00:00:00,20,7,1967,6164529,2434950,"PRESERVED_SPECIMEN","MSU","MR","MR.14385",NA,NA,NA,"CC0_1_0",NA,"Senora Blanca Teran",NA,"NATIVE",2020-02-10 12:00:48,NA,NA
"102",919422560,"22a66350-7947-4a49-84a3-39c7c1b0881f","urn:catalog:MSU:MR:MR.9480","Animalia","Chordata","Mammalia","Carnivora","Felidae","Leopardus","Leopardus wiedii","pirrensis","SUBSPECIES","Felis wiedii pirrensis Goldman, 1914","Felis wiedii pirrensis",NA,"EC","Dogola","Esmeraldas","present",NA,"311e2740-f15a-11d8-b22f-b8a03c50a862",0.22522,-79.69368,21615,NA,NA,NA,NA,NA,1963-03-06 00:00:00,6,3,1963,6164529,2434950,"PRESERVED_SPECIMEN","MSU","MR","MR.9480",NA,NA,NA,"CC0_1_0",NA,"Charles M. Fugler",NA,"NATIVE",2020-02-10 12:00:51,NA,NA
"103",919420082,"22a66350-7947-4a49-84a3-39c7c1b0881f","urn:catalog:MSU:MR:MR.12132","Animalia","Chordata","Mammalia","Carnivora","Felidae","Leopardus","Leopardus wiedii","pirrensis","SUBSPECIES","Felis wiedii pirrensis Goldman, 1914","Felis wiedii pirrensis",NA,"EC","Rio Blanco","Pichincha","present",NA,"311e2740-f15a-11d8-b22f-b8a03c50a862",0.30768,-78.457,93815,NA,NA,NA,NA,NA,1966-06-23 00:00:00,23,6,1966,6164529,2434950,"PRESERVED_SPECIMEN","MSU","MR","MR.12132",NA,NA,NA,"CC0_1_0",NA,"Senora Blanca Teran",NA,"NATIVE",2020-02-10 12:00:47,NA,NA
"104",919418207,"22a66350-7947-4a49-84a3-39c7c1b0881f","urn:catalog:MSU:MR:MR.14605","Animalia","Chordata","Mammalia","Carnivora","Felidae","Leopardus","Leopardus wiedii","pirrensis","SUBSPECIES","Felis wiedii pirrensis Goldman, 1914","Felis wiedii pirrensis",NA,"EC","Bua","Esmeraldas","present",NA,"311e2740-f15a-11d8-b22f-b8a03c50a862",0.04977,-79.56108,7615,NA,NA,NA,NA,NA,1967-03-24 00:00:00,24,3,1967,6164529,2434950,"PRESERVED_SPECIMEN","MSU","MR","MR.14605",NA,NA,NA,"CC0_1_0",NA,"Senora Blanca Teran",NA,"NATIVE",2020-02-10 12:00:46,NA,NA
"105",919417357,"22a66350-7947-4a49-84a3-39c7c1b0881f","urn:catalog:MSU:MR:MR.14602","Animalia","Chordata","Mammalia","Carnivora","Felidae","Leopardus","Leopardus wiedii","pirrensis","SUBSPECIES","Felis wiedii pirrensis Goldman, 1914","Felis wiedii pirrensis",NA,"EC","Quininde","Manabí","present",NA,"311e2740-f15a-11d8-b22f-b8a03c50a862",0.333,-79.467,11657,NA,NA,NA,NA,NA,1967-05-02 00:00:00,2,5,1967,6164529,2434950,"PRESERVED_SPECIMEN","MSU","MR","MR.14602",NA,NA,NA,"CC0_1_0",NA,"Senora Blanca Teran",NA,"NATIVE",2020-02-10 12:00:51,NA,NA
"106",730257346,"371b386a-d67b-4646-897e-a27cc1101067","Corantioquia-4755-CE7C6CD0231B467DA627BFDF1FE804F1","Animalia","Chordata","Mammalia","Carnivora","Felidae","Leopardus","Leopardus wiedii",NA,"SPECIES","Leopardus wiedii (Schinz, 1821)","Leopardus wiedii  (Schinz, 1821)","Schinz, 1821","CO",NA,"Antioquia",NA,NA,"15b278a8-1356-4f7b-ba32-3c733c3d0aac",7.07,-75.15,NA,NA,1500,0,NA,NA,NA,NA,NA,NA,2434950,2434950,"HUMAN_OBSERVATION","Corantioquia","Corantioquia-M","4755-1728",NA,NA,NA,"CC0_1_0",NA,NA,NA,NA,2020-02-10 12:26:03,NA,"GEODETIC_DATUM_ASSUMED_WGS84"
"107",730256657,"371b386a-d67b-4646-897e-a27cc1101067","Corantioquia-4755-B58D152A473640BDBC04A85BEAB405A2","Animalia","Chordata","Mammalia","Carnivora","Felidae","Leopardus","Leopardus wiedii",NA,"SPECIES","Leopardus wiedii (Schinz, 1821)","Leopardus wiedii  (Schinz, 1821)","Schinz, 1821","CO",NA,"Antioquia",NA,NA,"15b278a8-1356-4f7b-ba32-3c733c3d0aac",5.67,-75.72,NA,NA,1600,0,NA,NA,NA,NA,NA,NA,2434950,2434950,"HUMAN_OBSERVATION","Corantioquia","Corantioquia-M","4755-1747",NA,NA,NA,"CC0_1_0",NA,NA,NA,NA,2020-02-10 12:26:04,NA,"GEODETIC_DATUM_ASSUMED_WGS84"
"108",730256567,"371b386a-d67b-4646-897e-a27cc1101067","Corantioquia-4755-B24EE1092F764A63904F0B5A5B5E4747","Animalia","Chordata","Mammalia","Carnivora","Felidae","Leopardus","Leopardus wiedii",NA,"SPECIES","Leopardus wiedii (Schinz, 1821)","Leopardus wiedii  (Schinz, 1821)","Schinz, 1821","CO",NA,"Antioquia",NA,NA,"15b278a8-1356-4f7b-ba32-3c733c3d0aac",6.91,-75.07,NA,NA,1600,0,NA,NA,NA,NA,NA,NA,2434950,2434950,"HUMAN_OBSERVATION","Corantioquia","Corantioquia-M","4755-1750",NA,NA,NA,"CC0_1_0",NA,NA,NA,NA,2020-02-10 12:26:04,NA,"GEODETIC_DATUM_ASSUMED_WGS84"
"109",730255998,"371b386a-d67b-4646-897e-a27cc1101067","Corantioquia-4755-9CEDADFFF38D4A9BB9552F85221AC7A0","Animalia","Chordata","Mammalia","Carnivora","Felidae","Leopardus","Leopardus wiedii",NA,"SPECIES","Leopardus wiedii (Schinz, 1821)","Leopardus wiedii  (Schinz, 1821)","Schinz, 1821","CO",NA,"Antioquia",NA,NA,"15b278a8-1356-4f7b-ba32-3c733c3d0aac",6.97,-75.42,NA,NA,2200,0,NA,NA,NA,NA,NA,NA,2434950,2434950,"HUMAN_OBSERVATION","Corantioquia","Corantioquia-M","4755-1732",NA,NA,NA,"CC0_1_0",NA,NA,NA,NA,2020-02-10 12:26:04,NA,"GEODETIC_DATUM_ASSUMED_WGS84"
"110",730255505,"371b386a-d67b-4646-897e-a27cc1101067","Corantioquia-4755-8A09F5126C5F4CE39CAB427E6B7AFAC2","Animalia","Chordata","Mammalia","Carnivora","Felidae","Leopardus","Leopardus wiedii",NA,"SPECIES","Leopardus wiedii (Schinz, 1821)","Leopardus wiedii  (Schinz, 1821)","Schinz, 1821","CO",NA,"Antioquia",NA,NA,"15b278a8-1356-4f7b-ba32-3c733c3d0aac",6.42,-74.77,NA,NA,600,0,NA,NA,NA,NA,NA,NA,2434950,2434950,"HUMAN_OBSERVATION","Corantioquia","Corantioquia-M","4755-1751",NA,NA,NA,"CC0_1_0",NA,NA,NA,NA,2020-02-10 12:26:04,NA,"GEODETIC_DATUM_ASSUMED_WGS84"
"111",730255257,"371b386a-d67b-4646-897e-a27cc1101067","Corantioquia-4755-80C07100F0FC48C3BBD691270B560F9D","Animalia","Chordata","Mammalia","Carnivora","Felidae","Leopardus","Leopardus wiedii",NA,"SPECIES","Leopardus wiedii (Schinz, 1821)","Leopardus wiedii  (Schinz, 1821)","Schinz, 1821","CO",NA,"Antioquia",NA,NA,"15b278a8-1356-4f7b-ba32-3c733c3d0aac",7.99,-75.2,NA,NA,200,0,NA,NA,NA,NA,NA,NA,2434950,2434950,"HUMAN_OBSERVATION","Corantioquia","Corantioquia-M","4755-1764",NA,NA,NA,"CC0_1_0",NA,NA,NA,NA,2020-02-10 12:26:04,NA,"GEODETIC_DATUM_ASSUMED_WGS84"
"112",730254819,"371b386a-d67b-4646-897e-a27cc1101067","Corantioquia-4755-704D05E6C2144F76B8B7D0B43F7AF74D","Animalia","Chordata","Mammalia","Carnivora","Felidae","Leopardus","Leopardus wiedii",NA,"SPECIES","Leopardus wiedii (Schinz, 1821)","Leopardus wiedii  (Schinz, 1821)","Schinz, 1821","CO",NA,"Antioquia",NA,NA,"15b278a8-1356-4f7b-ba32-3c733c3d0aac",6.18,-74.58,NA,NA,125,0,NA,NA,NA,NA,NA,NA,2434950,2434950,"HUMAN_OBSERVATION","Corantioquia","Corantioquia-M","4755-1755",NA,NA,NA,"CC0_1_0",NA,NA,NA,NA,2020-02-10 12:26:04,NA,"GEODETIC_DATUM_ASSUMED_WGS84"
"113",730254779,"371b386a-d67b-4646-897e-a27cc1101067","Corantioquia-4755-6E21D3F8C70C4614AA510E651762C666","Animalia","Chordata","Mammalia","Carnivora","Felidae","Leopardus","Leopardus wiedii",NA,"SPECIES","Leopardus wiedii (Schinz, 1821)","Leopardus wiedii  (Schinz, 1821)","Schinz, 1821","CO",NA,"Antioquia",NA,NA,"15b278a8-1356-4f7b-ba32-3c733c3d0aac",5.66,-75.88,NA,NA,1400,0,NA,NA,NA,NA,NA,NA,2434950,2434950,"HUMAN_OBSERVATION","Corantioquia","Corantioquia-M","4755-1736",NA,NA,NA,"CC0_1_0",NA,NA,NA,NA,2020-02-10 12:26:04,NA,"GEODETIC_DATUM_ASSUMED_WGS84"
"114",730254677,"371b386a-d67b-4646-897e-a27cc1101067","Corantioquia-4755-69A8664CDD5F4068B7B1B405C72CE571","Animalia","Chordata","Mammalia","Carnivora","Felidae","Leopardus","Leopardus wiedii",NA,"SPECIES","Leopardus wiedii (Schinz, 1821)","Leopardus wiedii  (Schinz, 1821)","Schinz, 1821","CO",NA,"Antioquia",NA,NA,"15b278a8-1356-4f7b-ba32-3c733c3d0aac",5.6,-75.82,NA,NA,1700,0,NA,NA,NA,NA,NA,NA,2434950,2434950,"HUMAN_OBSERVATION","Corantioquia","Corantioquia-M","4755-1740",NA,NA,NA,"CC0_1_0",NA,NA,NA,NA,2020-02-10 12:26:04,NA,"GEODETIC_DATUM_ASSUMED_WGS84"
"115",730254674,"371b386a-d67b-4646-897e-a27cc1101067","Corantioquia-4755-6939B7272DEE4B58AAF17F4B31F4E13B","Animalia","Chordata","Mammalia","Carnivora","Felidae","Leopardus","Leopardus wiedii",NA,"SPECIES","Leopardus wiedii (Schinz, 1821)","Leopardus wiedii  (Schinz, 1821)","Schinz, 1821","CO",NA,"Antioquia",NA,NA,"15b278a8-1356-4f7b-ba32-3c733c3d0aac",7.58,-75.35,NA,NA,100,0,NA,NA,NA,NA,NA,NA,2434950,2434950,"HUMAN_OBSERVATION","Corantioquia","Corantioquia-M","4755-1763",NA,NA,NA,"CC0_1_0",NA,NA,NA,NA,2020-02-10 12:26:04,NA,"GEODETIC_DATUM_ASSUMED_WGS84"
"116",730253763,"371b386a-d67b-4646-897e-a27cc1101067","Corantioquia-4755-4B394A418E1148B0840B5AB3BDEBE485","Animalia","Chordata","Mammalia","Carnivora","Felidae","Leopardus","Leopardus wiedii",NA,"SPECIES","Leopardus wiedii (Schinz, 1821)","Leopardus wiedii  (Schinz, 1821)","Schinz, 1821","CO",NA,"Antioquia",NA,NA,"15b278a8-1356-4f7b-ba32-3c733c3d0aac",6.6,-75.02,NA,NA,1450,0,NA,NA,NA,NA,NA,NA,2434950,2434950,"HUMAN_OBSERVATION","Corantioquia","Corantioquia-M","4755-1759",NA,NA,NA,"CC0_1_0",NA,NA,NA,NA,2020-02-10 12:26:03,NA,"GEODETIC_DATUM_ASSUMED_WGS84"
"117",730253201,"371b386a-d67b-4646-897e-a27cc1101067","Corantioquia-4755-361B282E043F48939A4093ED40EE7E00","Animalia","Chordata","Mammalia","Carnivora","Felidae","Leopardus","Leopardus wiedii",NA,"SPECIES","Leopardus wiedii (Schinz, 1821)","Leopardus wiedii  (Schinz, 1821)","Schinz, 1821","CO",NA,"Antioquia",NA,NA,"15b278a8-1356-4f7b-ba32-3c733c3d0aac",5.97,-75.98,NA,NA,1200,0,NA,NA,NA,NA,NA,NA,2434950,2434950,"HUMAN_OBSERVATION","Corantioquia","Corantioquia-M","4755-1741",NA,NA,NA,"CC0_1_0",NA,NA,NA,NA,2020-02-10 12:26:04,NA,"GEODETIC_DATUM_ASSUMED_WGS84"
"118",730252496,"371b386a-d67b-4646-897e-a27cc1101067","Corantioquia-4755-1C791B0E6EED4C2E9B34E8A26297C7B4","Animalia","Chordata","Mammalia","Carnivora","Felidae","Leopardus","Leopardus wiedii",NA,"SPECIES","Leopardus wiedii (Schinz, 1821)","Leopardus wiedii  (Schinz, 1821)","Schinz, 1821","CO",NA,"Antioquia",NA,NA,"15b278a8-1356-4f7b-ba32-3c733c3d0aac",6.56,-74.79,NA,NA,900,0,NA,NA,NA,NA,NA,NA,2434950,2434950,"HUMAN_OBSERVATION","Corantioquia","Corantioquia-M","4755-1753",NA,NA,NA,"CC0_1_0",NA,NA,NA,NA,2020-02-10 12:26:03,NA,"GEODETIC_DATUM_ASSUMED_WGS84"
"119",730252082,"371b386a-d67b-4646-897e-a27cc1101067","Corantioquia-4755-0DE87B356DF04F25957DB0CF7D253848","Animalia","Chordata","Mammalia","Carnivora","Felidae","Leopardus","Leopardus wiedii",NA,"SPECIES","Leopardus wiedii (Schinz, 1821)","Leopardus wiedii  (Schinz, 1821)","Schinz, 1821","CO",NA,"Antioquia",NA,NA,"15b278a8-1356-4f7b-ba32-3c733c3d0aac",6.5,-74.71,NA,NA,200,0,NA,NA,NA,NA,NA,NA,2434950,2434950,"HUMAN_OBSERVATION","Corantioquia","Corantioquia-M","4755-1754",NA,NA,NA,"CC0_1_0",NA,NA,NA,NA,2020-02-10 12:26:04,NA,"GEODETIC_DATUM_ASSUMED_WGS84"
"120",730252058,"371b386a-d67b-4646-897e-a27cc1101067","Corantioquia-4755-0D608A2CCC854DD9A8B0881912F1246E","Animalia","Chordata","Mammalia","Carnivora","Felidae","Leopardus","Leopardus wiedii",NA,"SPECIES","Leopardus wiedii (Schinz, 1821)","Leopardus wiedii  (Schinz, 1821)","Schinz, 1821","CO",NA,"Antioquia",NA,NA,"15b278a8-1356-4f7b-ba32-3c733c3d0aac",5.66,-75.88,NA,NA,100,0,NA,NA,NA,NA,NA,NA,2434950,2434950,"HUMAN_OBSERVATION","Corantioquia","Corantioquia-M","4755-1765",NA,NA,NA,"CC0_1_0",NA,NA,NA,NA,2020-02-10 12:26:04,NA,"GEODETIC_DATUM_ASSUMED_WGS84"
"121",730251986,"371b386a-d67b-4646-897e-a27cc1101067","Corantioquia-4755-0AF639E664FC4B15834995C7451278B1","Animalia","Chordata","Mammalia","Carnivora","Felidae","Leopardus","Leopardus wiedii",NA,"SPECIES","Leopardus wiedii (Schinz, 1821)","Leopardus wiedii  (Schinz, 1821)","Schinz, 1821","CO",NA,"Antioquia",NA,NA,"15b278a8-1356-4f7b-ba32-3c733c3d0aac",7.5,-74.87,NA,NA,100,0,NA,NA,NA,NA,NA,NA,2434950,2434950,"HUMAN_OBSERVATION","Corantioquia","Corantioquia-M","4755-1769",NA,NA,NA,"CC0_1_0",NA,NA,NA,NA,2020-02-10 12:26:04,NA,"GEODETIC_DATUM_ASSUMED_WGS84"
"122",730251917,"371b386a-d67b-4646-897e-a27cc1101067","Corantioquia-4755-09211248D63548CAAA4EF802B0871CC6","Animalia","Chordata","Mammalia","Carnivora","Felidae","Leopardus","Leopardus wiedii",NA,"SPECIES","Leopardus wiedii (Schinz, 1821)","Leopardus wiedii  (Schinz, 1821)","Schinz, 1821","CO",NA,"Antioquia",NA,NA,"15b278a8-1356-4f7b-ba32-3c733c3d0aac",5.75,-75.61,NA,NA,500,0,NA,NA,NA,NA,NA,NA,2434950,2434950,"HUMAN_OBSERVATION","Corantioquia","Corantioquia-M","4755-1744",NA,NA,NA,"CC0_1_0",NA,NA,NA,NA,2020-02-10 12:26:04,NA,"GEODETIC_DATUM_ASSUMED_WGS84"
"123",730251751,"371b386a-d67b-4646-897e-a27cc1101067","Corantioquia-4755-03476D638D0B46E69AA82F5610B903D6","Animalia","Chordata","Mammalia","Carnivora","Felidae","Leopardus","Leopardus wiedii",NA,"SPECIES","Leopardus wiedii (Schinz, 1821)","Leopardus wiedii  (Schinz, 1821)","Schinz, 1821","CO",NA,"Antioquia",NA,NA,"15b278a8-1356-4f7b-ba32-3c733c3d0aac",5.62,-75.63,NA,NA,1400,0,NA,NA,NA,NA,NA,NA,2434950,2434950,"HUMAN_OBSERVATION","Corantioquia","Corantioquia-M","4755-1748",NA,NA,NA,"CC0_1_0",NA,NA,NA,NA,2020-02-10 12:26:04,NA,"GEODETIC_DATUM_ASSUMED_WGS84"
"124",730251724,"371b386a-d67b-4646-897e-a27cc1101067","Corantioquia-4755-01D3B51A60FE4FD4A3BFBE174ACE81C5","Animalia","Chordata","Mammalia","Carnivora","Felidae","Leopardus","Leopardus wiedii",NA,"SPECIES","Leopardus wiedii (Schinz, 1821)","Leopardus wiedii  (Schinz, 1821)","Schinz, 1821","CO",NA,"Antioquia",NA,NA,"15b278a8-1356-4f7b-ba32-3c733c3d0aac",7.18,-75.77,NA,NA,1500,0,NA,NA,NA,NA,NA,NA,2434950,2434950,"HUMAN_OBSERVATION","Corantioquia","Corantioquia-M","4755-1731",NA,NA,NA,"CC0_1_0",NA,NA,NA,NA,2020-02-10 12:26:04,NA,"GEODETIC_DATUM_ASSUMED_WGS84"
"125",724223514,"79a4574f-a80a-4bd7-9f61-a17c16ef606e","ISAGEN:46-2300:MIEL:2008:MAMIFEROS:0477","Animalia","Chordata","Mammalia","Carnivora","Felidae","Leopardus","Leopardus wiedii",NA,"SPECIES","Leopardus wiedii (Schinz, 1821)","Leopardus wiedii",NA,"CO","""""""Central Hidroeléctrica Miel I, vereda Sasaima, Campiña""""""","Caldas",NA,1,"04ce62dd-30ec-4d98-8b30-b09cafc3ac38",5.505639,-74.920806,NA,NA,785,0,NA,NA,2007-11-13 00:00:00,13,11,2007,2434950,2434950,"HUMAN_OBSERVATION","ISAGEN","ISAGEN","46-2300MI2008MA0477",NA,NA,NA,"CC0_1_0",NA,NA,NA,NA,2020-02-10 12:26:24,NA,"COORDINATE_ROUNDED;GEODETIC_DATUM_ASSUMED_WGS84"
"126",665832986,"41fc5c40-5e81-496f-9733-6b5681b3b7a5","1326e58e-1d34-4590-83a7-2975aa82ec4a","Animalia","Chordata","Mammalia","Carnivora","Felidae","Leopardus","Leopardus wiedii","pirrensis","SUBSPECIES","Leopardus wiedii pirrensis (Goldman, 1914)","Leopardus wiedii pirrensis",NA,"CO","Rio Mecaya","Putumayo",NA,NA,"7b8aff00-a9f8-11d8-944b-b8a03c50a862",0.466667,-75.333333,NA,NA,185,NA,NA,NA,1952-03-08 00:00:00,8,3,1952,6164528,2434950,"PRESERVED_SPECIMEN","FMNH","Mammals","70568","PH-6084",NA,NA,"CC0_1_0","The Field Museum of Natural History","P. Hershkovitz",NA,NA,2020-05-11 18:44:33,NA,"COORDINATE_ROUNDED;GEODETIC_DATUM_ASSUMED_WGS84"
"127",665728572,"41fc5c40-5e81-496f-9733-6b5681b3b7a5","bde2fc00-7f7e-4d34-b68f-bb1cf12066a5","Animalia","Chordata","Mammalia","Carnivora","Felidae","Leopardus","Leopardus wiedii","pirrensis","SUBSPECIES","Leopardus wiedii pirrensis (Goldman, 1914)","Leopardus wiedii pirrensis",NA,"CO",NA,"Norte de Santander",NA,NA,"7b8aff00-a9f8-11d8-944b-b8a03c50a862",7.997179,-72.996529,NA,NA,NA,NA,NA,NA,NA,NA,NA,NA,6164528,2434950,"PRESERVED_SPECIMEN","FMNH","Mammals","140264","503",NA,NA,"CC0_1_0","The Field Museum of Natural History","N. Maria",NA,NA,2020-05-11 18:44:32,NA,"COORDINATE_ROUNDED;GEODETIC_DATUM_ASSUMED_WGS84"
"128",665717030,"41fc5c40-5e81-496f-9733-6b5681b3b7a5","94966c01-3e6d-46f0-9664-2a8b5d8c4b12","Animalia","Chordata","Mammalia","Carnivora","Felidae","Leopardus","Leopardus wiedii","pirrensis","SUBSPECIES","Leopardus wiedii pirrensis (Goldman, 1914)","Leopardus wiedii pirrensis",NA,"CO","Rio Saija, La Boca","Cauca",NA,NA,"7b8aff00-a9f8-11d8-944b-b8a03c50a862",2.634546,-76.958626,NA,NA,2500,NA,NA,NA,1958-06-13 00:00:00,13,6,1958,6164528,2434950,"PRESERVED_SPECIMEN","FMNH","Mammals","90056","KVS-23894",NA,NA,"CC0_1_0","The Field Museum of Natural History","K. von Sneidern",NA,NA,2020-05-11 18:44:32,NA,"COORDINATE_ROUNDED;GEODETIC_DATUM_ASSUMED_WGS84"
"129",197104289,"4d749d70-e2e1-11dd-8102-b8a03c50a862",NA,"Animalia","Chordata","Mammalia","Carnivora","Felidae","Leopardus","Leopardus wiedii",NA,"SPECIES","Felis wiedii Schinz, 1821","Felis wiedii (Schinz, 1821)","(Schinz, 1821)","EC","Jauneche Reserve",NA,NA,NA,"335880a0-e2e1-11dd-8102-b8a03c50a862",-1.333,-79.583,NA,NA,NA,NA,NA,NA,1991-07-06 00:00:00,6,7,1991,2434973,2434950,"HUMAN_OBSERVATION","Conservation International","6","55750",NA,NA,NA,"CC_BY_4_0",NA,"Luis Albuja V.",NA,NA,2020-02-10 13:01:52,NA,"GEODETIC_DATUM_ASSUMED_WGS84"
"130",197102203,"4d749d70-e2e1-11dd-8102-b8a03c50a862",NA,"Animalia","Chordata","Mammalia","Carnivora","Felidae","Leopardus","Leopardus wiedii",NA,"SPECIES","Felis wiedii Schinz, 1821","Felis wiedii (Schinz, 1821)","(Schinz, 1821)","EC","Cerro Blanco Reserve",NA,NA,NA,"335880a0-e2e1-11dd-8102-b8a03c50a862",-2.167,-80.033,NA,NA,NA,NA,NA,NA,1991-07-15 00:00:00,15,7,1991,2434973,2434950,"HUMAN_OBSERVATION","Conservation International","6","25679",NA,NA,NA,"CC_BY_4_0",NA,"Luis Albuja V.",NA,NA,2020-02-10 13:01:50,NA,"GEODETIC_DATUM_ASSUMED_WGS84"
"131",197102120,"4d749d70-e2e1-11dd-8102-b8a03c50a862",NA,"Animalia","Chordata","Mammalia","Carnivora","Felidae","Leopardus","Leopardus wiedii",NA,"SPECIES","Felis wiedii Schinz, 1821","Felis wiedii (Schinz, 1821)","(Schinz, 1821)","EC","Manta Real",NA,NA,NA,"335880a0-e2e1-11dd-8102-b8a03c50a862",-2.567,-79.35,NA,NA,NA,NA,NA,NA,1991-07-10 00:00:00,10,7,1991,2434973,2434950,"HUMAN_OBSERVATION","Conservation International","6","14809",NA,NA,NA,"CC_BY_4_0",NA,"Luis Albuja V.",NA,NA,2020-02-10 13:01:50,NA,"GEODETIC_DATUM_ASSUMED_WGS84"
"132",197102115,"4d749d70-e2e1-11dd-8102-b8a03c50a862",NA,"Animalia","Chordata","Mammalia","Carnivora","Felidae","Leopardus","Leopardus wiedii",NA,"SPECIES","Felis wiedii Schinz, 1821","Felis wiedii (Schinz, 1821)","(Schinz, 1821)","EC","Cerro Blanco Reserve",NA,NA,NA,"335880a0-e2e1-11dd-8102-b8a03c50a862",-2.167,-80.033,NA,NA,NA,NA,NA,NA,1991-01-17 00:00:00,17,1,1991,2434973,2434950,"HUMAN_OBSERVATION","Conservation International","6","16162",NA,NA,NA,"CC_BY_4_0",NA,"Louise H. Emmons",NA,NA,2020-02-10 13:01:50,NA,"GEODETIC_DATUM_ASSUMED_WGS84"
